Folder,502,Ububiko,503,baobab,po/rw.po
Size,516,Ingano,517,baobab,po/rw.po
Section,122,Icyiciro,123,devhelp,po/rw.po
Contents,170,Ibigize,171,devhelp,po/rw.po
Search,178,Gushaka,179,devhelp,po/rw.po
Preferences,298,Ibyahisemo,299,devhelp,po/rw.po
Save As,138,Kubika nka,139,eog,po/rw.po
To:,163,Kuri:,164,eog,po/rw.po
seconds,183,amasogonda,184,eog,po/rw.po
All Files,305,Amadosiye yose,306,eog,po/rw.po
Save Image,335,Bika Ishusho,336,eog,po/rw.po
Camera,379,Kamera,380,eog,po/rw.po
Other,396,Ikindi,397,eog,po/rw.po
Tag,400,Itagi,401,eog,po/rw.po
Value,404,Agaciro,405,eog,po/rw.po
Filename,409,Izina ry'idosiye,410,eog,po/rw.po
Width,413,Ubugari,414,eog,po/rw.po
Height,417,Ubuhagarike,418,eog,po/rw.po
Attribute,425,Ikiranga,426,eog,po/rw.po
File,430,Idosiye,431,eog,po/rw.po
Comment,479,Icyo wongeraho,480,eog,po/rw.po
Date,483,Itariki,484,eog,po/rw.po
Time,487,Igihe,488,eog,po/rw.po
Day,492,Umunsi,493,eog,po/rw.po
Month,497,Ukwezi,498,eog,po/rw.po
Year,502,Umwaka,503,eog,po/rw.po
Overwrite,566,Gusimbuza,567,eog,po/rw.po
Retry,576,Ongera ugerageze,577,eog,po/rw.po
Delete,828,Gusiba,829,eog,po/rw.po
New,868,Gishya,869,eog,po/rw.po
Open,878,Gufungura,879,eog,po/rw.po
Close,890,Gufunga,891,eog,po/rw.po
Save,895,Kubika,896,eog,po/rw.po
Undo,904,Isubiranyuma,905,eog,po/rw.po
Right,909,Iburyo,910,eog,po/rw.po
Left,914,Ibumoso,915,eog,po/rw.po
In,918,Imbere,919,eog,po/rw.po
Out,922,Inyuma,923,eog,po/rw.po
Normal,927,Bisanzwe,928,eog,po/rw.po
Languages,294,Indimi,295,epiphany,po/rw.po
Details,672,Birambuye,673,epiphany,po/rw.po
General,696,Rusange,697,epiphany,po/rw.po
Organization:,711,Gahunda:,712,epiphany,po/rw.po
Cookies,746,Inyandikonyakwirema,747,epiphany,po/rw.po
Find,756,Gushaka,757,epiphany,po/rw.po
Passwords,760,Amagambo banga,761,epiphany,po/rw.po
Language,916,Ururimi,917,epiphany,po/rw.po
Preferences,935,Ibyahisemo,936,epiphany,po/rw.po
Appearance,1074,Imigaragarire,1075,epiphany,po/rw.po
Paper,1136,urupapuro,1137,epiphany,po/rw.po
Print,1142,Gucapa,1143,epiphany,po/rw.po
Unknown,1259,Kitazwi,1260,epiphany,po/rw.po
File,1270,Idosiye,1271,epiphany,po/rw.po
All,1777,Byose,1778,epiphany,po/rw.po
Others,1782,Ibindi,1783,epiphany,po/rw.po
Save,1793,Kubika,1794,epiphany,po/rw.po
Untitled,1846,Nta mutwe,1847,epiphany,po/rw.po
All files,1852,amadosiye yose,1853,epiphany,po/rw.po
Web pages,1857,Amapaji y'urubuga,1858,epiphany,po/rw.po
Images,1866,Ishusho,1867,epiphany,po/rw.po
Please ask your system administrator for assistance.,2006,Usabwe gusaba imfashanyo k'uyobora urwungano.,2007,epiphany,po/rw.po
This certificate has been verified for the following uses:,2128,Iyi mpamyabushobozi yarasuzumwe mu bikoreshwa bikurikira:,2129,epiphany,po/rw.po
Could not verify this certificate because it has been revoked.,2132,Ntibishobora gusuzuma izi mpamyabushobozi kuberako yaranzwe.,2133,epiphany,po/rw.po
Could not verify this certificate because it has expired.,2136,Ntibishobora gusuzuma izi mpamyabushobozi kuberako yarengeje igihe.,2137,epiphany,po/rw.po
Could not verify this certificate because it is not trusted.,2140,Ntishoboye gusuzuma iyi mpamyabushobozi kuberako itizewe.,2141,epiphany,po/rw.po
Could not verify this certificate because the issuer is not trusted.,2144,Ntishoboye gusuzuma iyi mpamyabushobozi kuberako uwayisohoye ntiyizewe.,2145,epiphany,po/rw.po
Could not verify this certificate because the issuer is unknown.,2149,Ntishoboye gusuzuma iyi mpamyabushobozi kuberako uwayisohoye ntazwi.,2150,epiphany,po/rw.po
Could not verify this certificate because the CA certificate is invalid.,2153,Ntishoboye gusuzuma iyi mpamyabushobozi kuberako impamyabushobozi bwa CA butari bwo.,2155,epiphany,po/rw.po
Could not verify this certificate for unknown reasons.,2160,Ntishoboye gusuzuma iyi mpamyabushobozi kuberako kubera impamvu zitawi.,2161,epiphany,po/rw.po
Security Warning,2196,Iburira ry'Umutekano,2197,epiphany,po/rw.po
Files,2253,Idosiye,2254,epiphany,po/rw.po
Separator,2318,Mutandukanya,2319,epiphany,po/rw.po
Downloads,2327,Iyimura,2328,epiphany,po/rw.po
Close Tab,2495,Funga Isimbuka,2496,epiphany,po/rw.po
Popup Windows,2499,Amadirishya y'ibyifungura,2500,epiphany,po/rw.po
History,2503,Urutonde,2504,epiphany,po/rw.po
Bookmarks,2510,Ibirango,2511,epiphany,po/rw.po
Drag and drop this icon to create a link to this page,2565,Kurura-Rekura ako gashushanyo kugira ngo ureme ihuza kuri iyi paji,2566,epiphany,po/rw.po
File format:,2996,Imiterere y'idosiye:,2997,epiphany,po/rw.po
Import Bookmarks,3010,utumenyetso tw'igitabo cy'itumiza,3011,epiphany,po/rw.po
Title,3043,Umutwe,3044,epiphany,po/rw.po
Address,3048,Aderesi,3049,epiphany,po/rw.po
News,3071,Amakuru,3072,epiphany,po/rw.po
Travel,3084,Gutemberamo,3085,epiphany,po/rw.po
Work,3088,Akazi,3089,epiphany,po/rw.po
Add Bookmark,3118,ongeraho icyatoranyijwe,3119,epiphany,po/rw.po
Empty,3137,kirimo ubusa,3138,epiphany,po/rw.po
Go,3166,Gyayo,3167,epiphany,po/rw.po
Today,3253,Uyumunsi,3254,epiphany,po/rw.po
FILE,3285,IDOSIYE,3286,epiphany,po/rw.po
Back,3494,Inyuma,3495,epiphany,po/rw.po
Forward,3512,Imbere,3513,epiphany,po/rw.po
Up,3530,Hejuru,3531,epiphany,po/rw.po
Zoom,3553,Ihindurangano,3554,epiphany,po/rw.po
Open a new tab,3624,Fungura isimbuka nshya,3625,epiphany,po/rw.po
Paste clipboard,3728,Komeka ububiko-koporora,3729,epiphany,po/rw.po
Open,4202,Gufungura,4203,epiphany,po/rw.po
Save As,4208,Kubika nka,4209,epiphany,po/rw.po
Bookmark,4213,Akamenyetso,4214,epiphany,po/rw.po
Low,4226,Byo hasi,4227,epiphany,po/rw.po
High,4231,kirekire,4232,epiphany,po/rw.po
Domain,4296,Urubuga,4297,epiphany,po/rw.po
Name,4300,Izina,4301,epiphany,po/rw.po
Host,4305,Ubuturo,4306,epiphany,po/rw.po
User Name,4309,Izinakoresha,4310,epiphany,po/rw.po
Content:,4317,Ibirimo:,4318,epiphany,po/rw.po
Path:,4321,Inzira:,4322,epiphany,po/rw.po
Encrypted connections only,4330,Imyinjizo iriho umutekano gusa,4331,epiphany,po/rw.po
Any type of connection,4334,Uburyo ubwaribwo bwose bw'umwinjizo,4335,epiphany,po/rw.po
Expires:,4338,Yarenze igihe:,4339,epiphany,po/rw.po
First,4366,Itangira,4367,epiphany,po/rw.po
Last,4375,Iheruka,4376,epiphany,po/rw.po
Previous,4384,Ibanjirije,4385,epiphany,po/rw.po
Next,4393,Ikurikira,4394,epiphany,po/rw.po
Close,4410,Gufunga,4411,epiphany,po/rw.po
Afrikaans,4420,Nyafurikansi,4421,epiphany,po/rw.po
Arabic,4425,Icyarabu,4426,epiphany,po/rw.po
Azerbaijani,4429,Ikinyazeribayijani,4430,epiphany,po/rw.po
Byelorussian,4434,Nyaberarusiya,4435,epiphany,po/rw.po
Bulgarian,4439,Nyabuligariya,4440,epiphany,po/rw.po
Breton,4443,Ikinyabureto,4444,epiphany,po/rw.po
Catalan,4448,Nyakatara,4449,epiphany,po/rw.po
Czech,4453,Ceke,4454,epiphany,po/rw.po
Danish,4458,Ikidanwa,4459,epiphany,po/rw.po
German,4463,Ikidage,4464,epiphany,po/rw.po
English,4467,Icyongereza,4468,epiphany,po/rw.po
Greek,4472,Ikigereki,4473,epiphany,po/rw.po
Esperanto,4477,Icyesiperanto,4478,epiphany,po/rw.po
Spanish,4482,Icyesipanyoro,4483,epiphany,po/rw.po
Estonian,4487,Ikinyesitoniya,4488,epiphany,po/rw.po
Basque,4492,Basiki,4493,epiphany,po/rw.po
Finnish,4497,Ikinyafinirande,4498,epiphany,po/rw.po
Faeroese,4502,Ikinyaferowi,4503,epiphany,po/rw.po
French,4507,Igifaransa,4508,epiphany,po/rw.po
Irish,4511,Icyirirande,4512,epiphany,po/rw.po
Scots Gaelic,4515,Ikigalike; Ikinyasikotilande,4516,epiphany,po/rw.po
Galician,4519,Ikigalisiya,4520,epiphany,po/rw.po
Hebrew,4524,Igiheburayo,4525,epiphany,po/rw.po
Croatian,4529,Nyakorowatiya,4530,epiphany,po/rw.po
Hungarian,4534,Nyahongiriya,4535,epiphany,po/rw.po
Indonesian,4539,Nya-indonesiya,4540,epiphany,po/rw.po
Icelandic,4544,Nya-isilande,4545,epiphany,po/rw.po
Italian,4549,Igitariyani,4550,epiphany,po/rw.po
Japanese,4554,Ikiyapani,4555,epiphany,po/rw.po
Korean,4559,Ikinyakoreya,4560,epiphany,po/rw.po
Lithuanian,4563,Ikirituwaniya,4564,epiphany,po/rw.po
Latvian,4568,Nyarativiya,4569,epiphany,po/rw.po
Macedonian,4573,Nyamasedoniya,4574,epiphany,po/rw.po
Malay,4577,Ikimalayi,4578,epiphany,po/rw.po
Dutch,4582,Igihorandi,4583,epiphany,po/rw.po
Norwegian,4596,Ikinyanoruveji,4597,epiphany,po/rw.po
Polish,4601,Igiporonye,4602,epiphany,po/rw.po
Portuguese,4606,Igiporutugari,4607,epiphany,po/rw.po
Romanian,4616,Nyarumeniya,4617,epiphany,po/rw.po
Russian,4621,Ikirusi,4622,epiphany,po/rw.po
Slovak,4625,Igisilovake,4626,epiphany,po/rw.po
Slovenian,4630,Ikinyasiloveniya,4631,epiphany,po/rw.po
Albanian,4635,Icyalubaniya,4636,epiphany,po/rw.po
Serbian,4639,Ikinyaseribiya,4640,epiphany,po/rw.po
Swedish,4644,Igisuwedi,4645,epiphany,po/rw.po
Tamil,4652,Tamili,4653,epiphany,po/rw.po
Turkish,4657,Igituruki,4658,epiphany,po/rw.po
Ukrainian,4662,Nyaukerene,4663,epiphany,po/rw.po
Vietnamese,4666,Ikinyaviyetinamu,4667,epiphany,po/rw.po
Walloon,4670,Ikiwaluni,4671,epiphany,po/rw.po
Chinese,4675,Igishinwa,4676,epiphany,po/rw.po
Simplified Chinese,4679,Igishinwa kyoroheye,4680,epiphany,po/rw.po
Traditional Chinese,4683,Igishinwa gakondo,4684,epiphany,po/rw.po
Desktop,4698,Ibiro,4699,epiphany,po/rw.po
Select a directory,4703,Guhitamo ububiko,4704,epiphany,po/rw.po
Letter,105,Ibaruwa,106,evince,po/rw.po
Tabloid,113,Imiterere binyamakuru,114,evince,po/rw.po
Legal,125,By'amategeko,126,evince,po/rw.po
Statement,129,Inyandiko,130,evince,po/rw.po
Case sensitive,251,Imyandikire y'inyuguti nkuru/nto,252,evince,po/rw.po
Images,321,Ishusho,322,evince,po/rw.po
All Files,325,Amadosiye yose,326,evince,po/rw.po
Password required,356,Ijambobanga ni ngombwa,357,evince,po/rw.po
Loading...,373,Itangira...,374,evince,po/rw.po
Print,433,Gucapa,434,evince,po/rw.po
Print...,575,Gucapa...,576,evince,po/rw.po
Single,789,cyonyine,790,evince,po/rw.po
Page,808,Ipaji,809,evince,po/rw.po
Previous,817,Ibanjirije,818,evince,po/rw.po
Next,821,Ikurikira,822,evince,po/rw.po
Index,836,Umubarendanga,837,evince,po/rw.po
Open,60,Gufungura,61,evolution,po/rw.po
Table Cell,374,Akadirishya k'Imbonerahamwe,375,evolution,po/rw.po
Certificates,649,Impamyabushobozi,650,evolution,po/rw.po
Contacts,660,Aho kubariza,661,evolution,po/rw.po
Personal,723,Bwite,724,evolution,po/rw.po
New Address Book,792,Igitabo kya ma aderesi gishya,793,evolution,po/rw.po
Base,816,Shingiro,817,evolution,po/rw.po
General,848,Rusange,849,evolution,po/rw.po
Server Information,857,Amakuru ya seriveri,858,evolution,po/rw.po
Details,869,Birambuye,870,evolution,po/rw.po
Searching,874,Ishakisha ,875,evolution,po/rw.po
Address Book Properties,884,Indangabintu y'Igitabo kya ma aderesi,885,evolution,po/rw.po
Delete,949,Gusiba,950,evolution,po/rw.po
Properties...,959,Indangakintu...,960,evolution,po/rw.po
Always,1127,Buri gihe,1128,evolution,po/rw.po
Basic,1135,By'ibanze,1136,evolution,po/rw.po
Never,1169,Nta narimwe,1170,evolution,po/rw.po
minutes,1360,iminota,1361,evolution,po/rw.po
Contact,1456,Umuntu,1457,evolution,po/rw.po
Image,1475,Ishusho,1476,evolution,po/rw.po
Telephone,1503,terefoni,1504,evolution,po/rw.po
Work,1512,Akazi,1513,evolution,po/rw.po
Address,1670,Aderesi,1671,evolution,po/rw.po
United States,1692,Leta Zunze Ubumwe,1693,evolution,po/rw.po
Afghanistan,1696,Afuganisita,1697,evolution,po/rw.po
Albania,1701,Arubaniya,1702,evolution,po/rw.po
Algeria,1706,Arijeriya,1707,evolution,po/rw.po
American Samoa,1710,Samowa Nyamerika,1711,evolution,po/rw.po
Andorra,1715,Andora,1716,evolution,po/rw.po
Anguilla,1723,Angwiya,1724,evolution,po/rw.po
Antarctica,1727,Antarigitika,1728,evolution,po/rw.po
Argentina,1738,Arijantine,1739,evolution,po/rw.po
Armenia,1743,Arumeniya,1744,evolution,po/rw.po
Australia,1752,Ositarariya,1753,evolution,po/rw.po
Austria,1757,Otirishi,1758,evolution,po/rw.po
Azerbaijan,1761,Azeribayijani,1762,evolution,po/rw.po
Bahamas,1766,Ibirwa bya Bahama,1767,evolution,po/rw.po
Bahrain,1770,Bahirayini,1771,evolution,po/rw.po
Bangladesh,1774,Bangaladeshi,1775,evolution,po/rw.po
Barbados,1779,Barubado,1780,evolution,po/rw.po
Belarus,1784,Berarusi,1785,evolution,po/rw.po
Belgium,1789,Ububirigi,1790,evolution,po/rw.po
Benin,1797,Bene,1798,evolution,po/rw.po
Bermuda,1802,Berimuda,1803,evolution,po/rw.po
Bhutan,1806,Butani,1807,evolution,po/rw.po
Bolivia,1811,Boriviya,1812,evolution,po/rw.po
Bouvet Island,1825,Ikirwa cya Bouve,1826,evolution,po/rw.po
Brazil,1830,Bureziri,1831,evolution,po/rw.po
British Indian Ocean Territory,1834,Teritwari y'Inyanja y'Abahinde Nyongereza,1835,evolution,po/rw.po
Brunei Darussalam,1838,Buruneyi Darisalamu,1839,evolution,po/rw.po
Bulgaria,1843,Burugariya,1844,evolution,po/rw.po
Burkina Faso,1847,Burukina Faso,1848,evolution,po/rw.po
Burundi,1851,Uburundi,1852,evolution,po/rw.po
Cambodia,1855,Kambodiya,1856,evolution,po/rw.po
Cameroon,1860,Kameruni,1861,evolution,po/rw.po
Canada,1865,Kanada,1866,evolution,po/rw.po
Cape Verde,1869,Kapu Veri,1870,evolution,po/rw.po
Cayman Islands,1874,Ibirwa bya Kayima,1875,evolution,po/rw.po
Central African Republic,1879,Repuburika ya Santarafurika,1880,evolution,po/rw.po
Chad,1883,Cade,1884,evolution,po/rw.po
Chile,1888,Shiri,1889,evolution,po/rw.po
China,1893,Ubushinwa,1894,evolution,po/rw.po
Christmas Island,1897,Ikirwa cya Noheli,1898,evolution,po/rw.po
Cocos (Keeling) Islands,1901,Ibirwa bya Koko,1902,evolution,po/rw.po
Colombia,1906,Korombiya,1907,evolution,po/rw.po
Comoros,1910,Komore,1911,evolution,po/rw.po
Congo,1914,Kongo,1915,evolution,po/rw.po
Cook Islands,1923,Ibirwa bya Kuke,1924,evolution,po/rw.po
Costa Rica,1928,Kosita Rika,1929,evolution,po/rw.po
Cote d'Ivoire,1933,kotedivuwari,1934,evolution,po/rw.po
Croatia,1938,Korowasiya,1939,evolution,po/rw.po
Cuba,1943,Kiba,1944,evolution,po/rw.po
Cyprus,1948,Shipure,1949,evolution,po/rw.po
Czech Republic,1953,Repuburika ya Ceki,1954,evolution,po/rw.po
Denmark,1958,Danemarike,1959,evolution,po/rw.po
Djibouti,1962,Jibuti,1963,evolution,po/rw.po
Dominica,1966,Dominika,1967,evolution,po/rw.po
Dominican Republic,1971,Repuburika ya Dominikani,1972,evolution,po/rw.po
Ecuador,1976,Ekwateri,1977,evolution,po/rw.po
Egypt,1981,Misiri,1982,evolution,po/rw.po
Equatorial Guinea,1990,Gineya Ekwatoriyale,1991,evolution,po/rw.po
Eritrea,1994,Eritereya,1995,evolution,po/rw.po
Estonia,1999,Esitoniya,2000,evolution,po/rw.po
Ethiopia,2003,Etiyopiya,2004,evolution,po/rw.po
Faroe Islands,2012,Ibirwa bya Farowe,2013,evolution,po/rw.po
Finland,2021,Finirandi,2022,evolution,po/rw.po
France,2026,Ubufaransa,2027,evolution,po/rw.po
French Guiana,2030,Guyane Nyamfaransa,2031,evolution,po/rw.po
French Polynesia,2034,Polinesiya Nyamfaransa,2035,evolution,po/rw.po
French Southern Territories,2038,Ibihugu by'Amajyepfo Nyamfaransa,2039,evolution,po/rw.po
Gabon,2042,Gabo,2043,evolution,po/rw.po
Gambia,2046,Gambiya,2047,evolution,po/rw.po
Georgia,2051,Jeworujiya,2052,evolution,po/rw.po
Germany,2056,Ubudage,2057,evolution,po/rw.po
Ghana,2060,Gana,2061,evolution,po/rw.po
Gibraltar,2064,Giburalitari,2065,evolution,po/rw.po
Greece,2069,Ubugereki,2070,evolution,po/rw.po
Greenland,2073,Goronulande,2074,evolution,po/rw.po
Grenada,2078,Gerenada,2079,evolution,po/rw.po
Guadeloupe,2083,Gwaderupe,2084,evolution,po/rw.po
Guam,2087,Gwami,2088,evolution,po/rw.po
Guatemala,2092,Gwatemara,2093,evolution,po/rw.po
Guinea,2100,Gineya,2101,evolution,po/rw.po
Guyana,2110,Giyane,2111,evolution,po/rw.po
Haiti,2115,Hayiti,2116,evolution,po/rw.po
Honduras,2128,Hondurasi,2129,evolution,po/rw.po
Hong Kong,2133,Hong Kongo,2134,evolution,po/rw.po
Hungary,2138,Hongiriya,2139,evolution,po/rw.po
Iceland,2143,Isirandi,2144,evolution,po/rw.po
India,2148,Ubuhindi,2149,evolution,po/rw.po
Indonesia,2153,Indonesiya,2154,evolution,po/rw.po
Iraq,2161,Irake,2162,evolution,po/rw.po
Ireland,2166,Irirandi,2167,evolution,po/rw.po
Israel,2176,Isiraheri,2177,evolution,po/rw.po
Italy,2181,Ubutariyani,2182,evolution,po/rw.po
Jamaica,2185,Jamayika,2186,evolution,po/rw.po
Japan,2190,Ubuyapani,2191,evolution,po/rw.po
Jordan,2199,Yorudaniya,2200,evolution,po/rw.po
Kazakhstan,2204,Kazakisitani,2205,evolution,po/rw.po
Kuwait,2227,Koweti,2228,evolution,po/rw.po
Kyrgyzstan,2231,Kirigizasitani,2232,evolution,po/rw.po
Latvia,2240,Letoniya,2241,evolution,po/rw.po
Lebanon,2245,Libani,2246,evolution,po/rw.po
Lesotho,2249,Lesoto,2250,evolution,po/rw.po
Liberia,2253,Liberiya,2254,evolution,po/rw.po
Libya,2257,Libiya,2258,evolution,po/rw.po
Lithuania,2267,Lituwaniya,2268,evolution,po/rw.po
Luxembourg,2272,Lugusamburu,2273,evolution,po/rw.po
Macao,2276,Makawo,2277,evolution,po/rw.po
Macedonia,2281,Masedoniya,2282,evolution,po/rw.po
Madagascar,2285,Madagasikari,2286,evolution,po/rw.po
Malaysia,2294,Mareziya,2295,evolution,po/rw.po
Maldives,2298,Malidivezi,2299,evolution,po/rw.po
Malta,2307,Marita,2308,evolution,po/rw.po
Marshall Islands,2311,Ibirwa bya Marishali,2312,evolution,po/rw.po
Martinique,2315,Maritike,2316,evolution,po/rw.po
Mauritania,2319,Moritaniya,2320,evolution,po/rw.po
Mauritius,2324,Ibirwa bya Morisi,2325,evolution,po/rw.po
Mayotte,2328,Mayoti,2329,evolution,po/rw.po
Mexico,2333,Megizike,2334,evolution,po/rw.po
Monaco,2347,Monako,2348,evolution,po/rw.po
Mongolia,2351,Mongoliya,2352,evolution,po/rw.po
Montserrat,2355,Monserati,2356,evolution,po/rw.po
Morocco,2359,Maroke,2360,evolution,po/rw.po
Mozambique,2363,Mozambike,2364,evolution,po/rw.po
Namibia,2373,Namibiya,2374,evolution,po/rw.po
Nauru,2377,Ikinawuru,2378,evolution,po/rw.po
Nepal,2382,Nepari,2383,evolution,po/rw.po
Netherlands,2387,UBuhorandi,2388,evolution,po/rw.po
Netherlands Antilles,2391,Antiye za nederilande,2392,evolution,po/rw.po
New Caledonia,2395,Nuveli Kalidoniya,2396,evolution,po/rw.po
New Zealand,2400,Nouvelle Zelande,2401,evolution,po/rw.po
Nicaragua,2405,Nikaragwa,2406,evolution,po/rw.po
Niger,2409,Nigeri,2410,evolution,po/rw.po
Nigeria,2414,Nijeriya,2415,evolution,po/rw.po
Niue,2418,Niyuwe,2419,evolution,po/rw.po
Norfolk Island,2422,Ibirwa bya Norufoluki,2423,evolution,po/rw.po
Northern Mariana Islands,2426,Ibirwa bya Mariyana y'Amajyaruguru,2427,evolution,po/rw.po
Norway,2431,Noruveji,2432,evolution,po/rw.po
Oman,2435,Omani,2436,evolution,po/rw.po
Pakistan,2440,Pakisitani,2441,evolution,po/rw.po
Palau,2444,Palawu,2445,evolution,po/rw.po
Papua New Guinea,2458,Papouasie Nouvelle Guine,2459,evolution,po/rw.po
Paraguay,2463,Paragwe,2464,evolution,po/rw.po
Philippines,2473,Firipine,2474,evolution,po/rw.po
Pitcairn,2477,Piticayirine,2478,evolution,po/rw.po
Poland,2482,Poronye,2483,evolution,po/rw.po
Portugal,2487,Porutigari,2488,evolution,po/rw.po
Puerto Rico,2492,Puwerito Riko,2493,evolution,po/rw.po
Qatar,2496,Katari,2497,evolution,po/rw.po
Reunion,2500,Reyiniyo,2501,evolution,po/rw.po
Romania,2505,Rumaniya,2506,evolution,po/rw.po
Russian Federation,2510,UBurusiya,2511,evolution,po/rw.po
Saint Lucia,2523,Mutagatifu Lusiya,2524,evolution,po/rw.po
Samoa,2532,Samowa,2533,evolution,po/rw.po
San Marino,2536,Mutagatifu Marino,2537,evolution,po/rw.po
Saudi Arabia,2546,Arabiya Sawudite,2547,evolution,po/rw.po
Senegal,2550,Senegali,2551,evolution,po/rw.po
Seychelles,2559,Seyishele,2560,evolution,po/rw.po
Sierra Leone,2563,Siyera Lewone,2564,evolution,po/rw.po
Singapore,2568,Singapure,2569,evolution,po/rw.po
Slovakia,2573,Sorovakiya,2574,evolution,po/rw.po
Slovenia,2578,Soroveniya,2579,evolution,po/rw.po
Solomon Islands,2582,Ibirwa bya Solomoni,2583,evolution,po/rw.po
Somalia,2586,Somaliya,2587,evolution,po/rw.po
South Africa,2591,Afurika y'epfo,2592,evolution,po/rw.po
Spain,2601,Esipanye,2602,evolution,po/rw.po
Sri Lanka,2606,Siri Lanka,2607,evolution,po/rw.po
Sudan,2618,Sudani,2619,evolution,po/rw.po
Suriname,2622,Surinamu,2623,evolution,po/rw.po
Swaziland,2631,Suwazirandi,2632,evolution,po/rw.po
Sweden,2636,Suwedi,2637,evolution,po/rw.po
Switzerland,2641,UBusuwisi,2642,evolution,po/rw.po
Syria,2645,Ikinyasiriya,2646,evolution,po/rw.po
Taiwan,2650,Tayiwani,2651,evolution,po/rw.po
Tajikistan,2655,Tajikisitani,2656,evolution,po/rw.po
Thailand,2665,Tayirandi,2666,evolution,po/rw.po
Timor-Leste,2669,Timoro-Lesite,2670,evolution,po/rw.po
Tokelau,2677,Tokelawu,2678,evolution,po/rw.po
Tunisia,2692,Tuniziya,2693,evolution,po/rw.po
Turkey,2697,Turukiya,2698,evolution,po/rw.po
Turkmenistan,2702,Turukumenisitani,2703,evolution,po/rw.po
Uganda,2715,Yuganda,2716,evolution,po/rw.po
Ukraine,2720,Ukereni,2721,evolution,po/rw.po
United Arab Emirates,2725,Leta Zunze Ubumwe z'Abarabu,2726,evolution,po/rw.po
United Kingdom,2730,Ubwongereza,2731,evolution,po/rw.po
United States Minor Outlying Islands,2734,Ibirwa Bito Bikikije Leta Zunze Ubumwe,2735,evolution,po/rw.po
Uruguay,2739,Irigwe,2740,evolution,po/rw.po
Uzbekistan,2744,Uzubekisitani,2745,evolution,po/rw.po
Vanuatu,2748,Vanuwatu,2749,evolution,po/rw.po
Venezuela,2753,Venezuwera,2754,evolution,po/rw.po
Viet Nam,2757,Viyetinamu,2758,evolution,po/rw.po
"Virgin Islands, British",2761,"Ibirwa bya Virigini, Nyongereza",2762,evolution,po/rw.po
"Virgin Islands, U.S.",2765,"Ibirwa bya Virigini, Leta Zunze Ubumwe",2766,evolution,po/rw.po
Western Sahara,2773,Sahara y'Uburengerazuba,2774,evolution,po/rw.po
Yemen,2777,Yemeni,2778,evolution,po/rw.po
Zambia,2781,Zambiya,2782,evolution,po/rw.po
Name,2794,Izina,2795,evolution,po/rw.po
Service,2819,Imirimo,2820,evolution,po/rw.po
Location,2832,Ahantu,2833,evolution,po/rw.po
Username,2836,Izina ry'ukoresha,2837,evolution,po/rw.po
Other,2847,Ikindi,2848,evolution,po/rw.po
Changed,2886,Byahinduwe,2887,evolution,po/rw.po
Book,3134,Igitabo,3135,evolution,po/rw.po
Query,3209,Ikibazo,3210,evolution,po/rw.po
Model,3225,Urugero,3226,evolution,po/rw.po
Source,3262,Inkomoko,3263,evolution,po/rw.po
Type,3271,Ubwoko,3272,evolution,po/rw.po
Address Book,3276,Agatabo k'Aderesi,3277,evolution,po/rw.po
Print,3339,Gucapa,3340,evolution,po/rw.po
Cut,3355,Gukata,3356,evolution,po/rw.po
Copy,3363,Gukoporora,3364,evolution,po/rw.po
Paste,3369,Komeka,3370,evolution,po/rw.po
Categories,3417,Ibyiciro,3418,evolution,po/rw.po
Email,3428,imeli,3429,evolution,po/rw.po
Home Phone,3462,Telefoni yo mu rugo,3463,evolution,po/rw.po
Journal,3475,Ikinyamakuru,3476,evolution,po/rw.po
Manager,3480,umuyobozi,3481,evolution,po/rw.po
Mobile Phone,3486,Telefoni igendanwa,3487,evolution,po/rw.po
Nickname,3491,Irihimbano,3492,evolution,po/rw.po
Note,3497,Igisobanuro,3498,evolution,po/rw.po
Office,3502,Ofise,3503,evolution,po/rw.po
Organization,3508,Ishyirahamwe,3509,evolution,po/rw.po
Other Phone,3517,Izindi telefoni,3518,evolution,po/rw.po
Pager,3522,Peja,3523,evolution,po/rw.po
Role,3541,Inshingano,3542,evolution,po/rw.po
Telex,3562,Telegisi,3563,evolution,po/rw.po
Title,3566,Umutwe,3567,evolution,po/rw.po
Width,3591,Ubugari,3592,evolution,po/rw.po
Height,3606,Ubuhagarike,3607,evolution,po/rw.po
Field,3616,Umwanya,3617,evolution,po/rw.po
Field Name,3620,Izina ry'Umwanya,3621,evolution,po/rw.po
Column Width,3633,Ubugari bw'inkingi,3634,evolution,po/rw.po
Selected,3677,Byahiswemo,3678,evolution,po/rw.po
E-mail,3705,Imeli,3706,evolution,po/rw.po
Position,3729,Ibirindiro,3730,evolution,po/rw.po
Phone,3746,Telefone,3747,evolution,po/rw.po
Fax,3762,Fagisi,3763,evolution,po/rw.po
Job Title,3788,Izina ry'Akazi,3789,evolution,po/rw.po
Success,3798,Ibyatunganye,3799,evolution,po/rw.po
Cancelled,3857,Kureka,3858,evolution,po/rw.po
Overwrite,4040,Gusimbuza,4041,evolution,po/rw.po
(none),4153,(ntacyo),4154,evolution,po/rw.po
Body,4271,Umubiri,4272,evolution,po/rw.po
Bottom:,4275,Hasi:,4276,evolution,po/rw.po
Dimensions:,4279,Ingano:,4280,evolution,po/rw.po
Fonts,4292,Imyandikire,4293,evolution,po/rw.po
Format,4302,Imiterere,4303,evolution,po/rw.po
Header,4316,Umutwempangano,4317,evolution,po/rw.po
Headings,4328,Imitwe,4329,evolution,po/rw.po
Height:,4338,Ubuhagarike:,4339,evolution,po/rw.po
Landscape,4354,Urupapuro-ntambike,4355,evolution,po/rw.po
Left:,4358,Ibumoso:,4359,evolution,po/rw.po
Margins,4368,Marije,4369,evolution,po/rw.po
Options,4378,Amahitamo,4379,evolution,po/rw.po
Orientation,4383,Icyerekezo,4384,evolution,po/rw.po
Page,4388,Ipaji,4389,evolution,po/rw.po
Paper,4398,urupapuro,4399,evolution,po/rw.po
Portrait,4408,Urupapuro-mpagarike,4409,evolution,po/rw.po
Preview:,4413,Igaragazambere:,4414,evolution,po/rw.po
Right:,4427,Iburyo:,4428,evolution,po/rw.po
Shading,4440,Ubwijime,4441,evolution,po/rw.po
Size:,4449,Ingano,4450,evolution,po/rw.po
Top:,4464,Hejuru:,4465,evolution,po/rw.po
Type:,4470,Ubwoko,4471,evolution,po/rw.po
Width:,4475,Ubugari:,4476,evolution,po/rw.po
Discard Changes,4751,Kureka impinduka,4752,evolution,po/rw.po
Send,4825,Kohereza,4826,evolution,po/rw.po
Enter password,4963,kwinjiza ijambobanga,4964,evolution,po/rw.po
Tasks,5047,Ibikorwa,5048,evolution,po/rw.po
Location:,5097,Intaho:,5098,evolution,po/rw.po
Warning,5180,Iburira,5181,evolution,po/rw.po
Calendar,5636,Kalindari,5637,evolution,po/rw.po
days,5660,iminsi,5661,evolution,po/rw.po
Unknown error,5794,Ikosa itazwi,5795,evolution,po/rw.po
after,5884,nyuma,5885,evolution,po/rw.po
day(s),5894,iminsi,5895,evolution,po/rw.po
hour(s),5908,amasaha,5909,evolution,po/rw.po
minute(s),5921,iminota,5922,evolution,po/rw.po
Description:,6068,Umwirondoro,6069,evolution,po/rw.po
File name:,6075,Izina ry'idosiye,6076,evolution,po/rw.po
Enabled,6090,Bikora,6091,evolution,po/rw.po
Remove,6100,Gukuraho,6101,evolution,po/rw.po
Enable,6121,Gushoboza,6122,evolution,po/rw.po
Days,6211,Iminsi,6212,evolution,po/rw.po
Display,6216,Kugaragaza,6217,evolution,po/rw.po
Hours,6238,amasaha,6239,evolution,po/rw.po
Minutes,6246,Iminota,6247,evolution,po/rw.po
Template:,6298,Inyandikorugero,6299,evolution,po/rw.po
Confidential,6938,Ibanga,6939,evolution,po/rw.po
Private,6956,By'umwihariko,6957,evolution,po/rw.po
Public,6964,Rusange,6965,evolution,po/rw.po
None,7034,Nta na kimwe,7035,evolution,po/rw.po
Language,7086,Ururimi,7087,evolution,po/rw.po
Status,7106,Imimerere,7107,evolution,po/rw.po
Organizer,7132,Muteguzi,7133,evolution,po/rw.po
on,7234,ku,7235,evolution,po/rw.po
second,7244,isegonda,7245,evolution,po/rw.po
day,7266,umunsi,7267,evolution,po/rw.po
Date/Time,7279,Itariki/Igihe,7280,evolution,po/rw.po
Every,7300,Buri,7301,evolution,po/rw.po
for,7309,Cya,7310,evolution,po/rw.po
month(s),7317,amezi,7318,evolution,po/rw.po
week(s),7325,ibyumweru,7326,evolution,po/rw.po
Web Page,7340,Ipaji y'Urubuga,7341,evolution,po/rw.po
High,7369,kirekire,7370,evolution,po/rw.po
Low,7385,Byo hasi,7386,evolution,po/rw.po
Normal,7393,Bisanzwe,7394,evolution,po/rw.po
Not Started,7401,Itaratangira,7402,evolution,po/rw.po
Task,7440,Igikorwa,7441,evolution,po/rw.po
Assignment,7446,Igenera,7447,evolution,po/rw.po
Untitled,7640,Nta mutwe,7641,evolution,po/rw.po
Summary:,7647,Incamake:,7648,evolution,po/rw.po
Status:,7683,Imimerere:,7684,evolution,po/rw.po
Priority:,7688,By'ibanze,7689,evolution,po/rw.po
Web Page:,7692,Ipaji rya webu:,7693,evolution,po/rw.po
Summary,7734,Inshamake,7735,evolution,po/rw.po
Free,7740,Kigenga,7741,evolution,po/rw.po
Busy,7747,Irahuze,7748,evolution,po/rw.po
Yes,7763,Yego,7764,evolution,po/rw.po
No,7770,Oya,7771,evolution,po/rw.po
Unknown,7786,Kitazwi,7787,evolution,po/rw.po
Complete,7959,Byuzuye,7960,evolution,po/rw.po
Priority,7975,Icyihutirwa,7976,evolution,po/rw.po
Start date,7995,Itariki y'itangira,7996,evolution,po/rw.po
Accepted,8246,Byemewe,8247,evolution,po/rw.po
Update,8510,Kuvugurura,8511,evolution,po/rw.po
Accept,8515,Kwemera,8516,evolution,po/rw.po
Decline,8525,Kwanga,8526,evolution,po/rw.po
Cancel,8545,Kureka,8546,evolution,po/rw.po
Date:,8564,Itariki:,8565,evolution,po/rw.po
Group,8621,Itsinda,8622,evolution,po/rw.po
April,8869,Mata,8870,evolution,po/rw.po
August,8874,Kanama,8875,evolution,po/rw.po
December,8879,Ukuboza,8880,evolution,po/rw.po
February,8884,Gashyantare,8885,evolution,po/rw.po
January,8889,Mutarama,8890,evolution,po/rw.po
July,8894,Nyakanga,8895,evolution,po/rw.po
June,8899,Kamena,8900,evolution,po/rw.po
March,8904,Werurwe,8905,evolution,po/rw.po
May,8909,Gicurasi,8910,evolution,po/rw.po
November,8914,Ugushyingo,8915,evolution,po/rw.po
October,8919,Ukwakira,8920,evolution,po/rw.po
September,8928,Nzeri,8929,evolution,po/rw.po
Refresh,8977,Kugira gishya,8978,evolution,po/rw.po
We,9174,Twebwe,9175,evolution,po/rw.po
Print Preview,9285,Igaragazambere ryo Gucapa,9286,evolution,po/rw.po
New task,9333,Igikorwa gishya,9334,evolution,po/rw.po
Open File,11112,Gufungura Dosiye,11113,evolution,po/rw.po
Evolution,11307,Impinduka,11308,evolution,po/rw.po
Choose a file,11675,Hitamo idosiye,11676,evolution,po/rw.po
Important,11682,By'ingirakamaro,11683,evolution,po/rw.po
To Do,11689,Gukora,11690,evolution,po/rw.po
Test,11700,Igerageza,11701,evolution,po/rw.po
seconds,11863,amasogonda,11864,evolution,po/rw.po
Mail,11950,Ubutumwa,11951,evolution,po/rw.po
Identity,12008,Ikiranga,12009,evolution,po/rw.po
Security,12032,Umutekano,12033,evolution,po/rw.po
Account name,12061,izina rya konti,12062,evolution,po/rw.po
Protocol,12066,Porotokole,12067,evolution,po/rw.po
Unnamed,12075,Ntazina,12076,evolution,po/rw.po
Attachments,12132,Imigereka,12133,evolution,po/rw.po
contains,12140,ifite,12141,evolution,po/rw.po
Deleted,12161,Byasibwe,12162,evolution,po/rw.po
ends with,12204,Irangira na,12205,evolution,po/rw.po
Expression,12217,imvugo,12218,evolution,po/rw.po
is,12227,ni,12228,evolution,po/rw.po
is after,12231,iri nyuma,12232,evolution,po/rw.po
is before,12235,iri mbere,12236,evolution,po/rw.po
is greater than,12245,binini ku,12246,evolution,po/rw.po
is less than,12250,irutwa Na,12251,evolution,po/rw.po
is not,12254,siyo,12255,evolution,po/rw.po
Junk,12264,Ibipfuye,12265,evolution,po/rw.po
Label,12273,Akarango,12274,evolution,po/rw.po
Read,12357,Soma,12358,evolution,po/rw.po
Sender,12402,Uwohereza,12403,evolution,po/rw.po
sounds like,12415,yumvikana nka,12416,evolution,po/rw.po
starts with,12428,Itangira na,12429,evolution,po/rw.po
Subject,12451,Ikivugwaho,12452,evolution,po/rw.po
Create,12493,Kurema,12494,evolution,po/rw.po
Inbox,12522,Ibyinjiye,12523,evolution,po/rw.po
Outbox,12527,Ibyasohotse,12528,evolution,po/rw.po
Sent,12532,Byoherejwe,12533,evolution,po/rw.po
Loading...,12536,Itangira...,12537,evolution,po/rw.po
Rename Folder,12650,Hindura izina ry'ububiko,12651,evolution,po/rw.po
Default,12806,Mburabuzi,12807,evolution,po/rw.po
Unsigned,12852,Bitashizweho umukono,12853,evolution,po/rw.po
From,13102,Bivuye,13103,evolution,po/rw.po
To,13115,Kuri,13116,evolution,po/rw.po
Cc,13120,Kopi kuri,13121,evolution,po/rw.po
Bcc,13125,Ikopi ku bataboneka,13126,evolution,po/rw.po
Mailer,13134,Uwanditse,13135,evolution,po/rw.po
Date,13150,Itariki,13151,evolution,po/rw.po
Newsgroups,13156,Imbuga z'amakuru,13157,evolution,po/rw.po
Save As...,13273,Bika nka...,13274,evolution,po/rw.po
Subscribed,13324,yanditswe/byemewe,13325,evolution,po/rw.po
Folder,13329,Ububiko,13330,evolution,po/rw.po
Filters,13350,Muyunguruzi,13351,evolution,po/rw.po
Importing...,14005,Kuvana hanze...,14006,evolution,po/rw.po
Please wait,14013,Ba wihanganye,14014,evolution,po/rw.po
Settings,14083,Amagenamiterere,14084,evolution,po/rw.po
Attachment,14421,umugereka,14422,evolution,po/rw.po
Baltic (ISO-8859-13),14430,Balitiki (ISO-8859-13),14431,evolution,po/rw.po
Baltic (ISO-8859-4),14435,Nyabaritiki (ISO-8859-4),14436,evolution,po/rw.po
Colors,14490,Amabara,14491,evolution,po/rw.po
Done,14533,Byakozwe,14534,evolution,po/rw.po
HTML Mail,14587,Ibaruwa ya HTML,14588,evolution,po/rw.po
Headers,14592,Imitwe,14593,evolution,po/rw.po
description,14951,Isobanuramiterere,14952,evolution,po/rw.po
License Agreement,15001,Amasezerano y'Iyemererakoresha,15002,evolution,po/rw.po
Cancelling...,15262,Kureka...,15263,evolution,po/rw.po
Enter Password,15314,Kwandika Ijambobanga,15315,evolution,po/rw.po
Name:,15334,Izina:,15335,evolution,po/rw.po
Ignore,15674,Kureka,15675,evolution,po/rw.po
Lowest,15986,Byo hasi cyane,15987,evolution,po/rw.po
Lower,15996,Ntoya,15997,evolution,po/rw.po
Highest,16005,kirekire kurusha ibindi,16006,evolution,po/rw.po
Received,16074,Cyakiriwe,16075,evolution,po/rw.po
Size,16082,Ingano,16083,evolution,po/rw.po
Forward,16107,Imbere,16108,evolution,po/rw.po
Reply,16116,Subiza,16117,evolution,po/rw.po
Reply to All,16121,Gusubiza Bose,16122,evolution,po/rw.po
Review,16125,Isubiramo,16126,evolution,po/rw.po
Message,17263,Ubutumwa,17264,evolution,po/rw.po
Sharing,17414,Bisangiwe,17415,evolution,po/rw.po
Today,17556,Uyumunsi,17557,evolution,po/rw.po
Comment:,17864,Icyo wongeraho,17865,evolution,po/rw.po
Author(s),18276,Umwa(Aba)nditsi,18277,evolution,po/rw.po
Path,18286,Inzira,18287,evolution,po/rw.po
Description,18296,Isobanuramiterere,18297,evolution,po/rw.po
MIME Type,18406,Ubwoko bwa MIME,18407,evolution,po/rw.po
Save,18412,Kubika,18413,evolution,po/rw.po
Welcome,18594,Urakaza neza,18595,evolution,po/rw.po
(Untitled),18815,(Nta mutwe),18816,evolution,po/rw.po
Work Offline,18955,Korera hanze ya interneti,18956,evolution,po/rw.po
OK,18994,YEGO,18995,evolution,po/rw.po
New,19014,Gishya,19015,evolution,po/rw.po
Import File,19043,Kuzana Idosiye,19044,evolution,po/rw.po
Continue,19147,Gukomeza,19148,evolution,po/rw.po
Certificate Name,19309,Izina ry'Impamyabushobozi:,19310,evolution,po/rw.po
Purposes,19314,Impamvu,19315,evolution,po/rw.po
Serial Number,19319,Nimero iranga,19320,evolution,po/rw.po
Expires,19323,Brarenze igihe,19324,evolution,po/rw.po
E-Mail Address,19327,Aderesi ya Imeli,19328,evolution,po/rw.po
Authorities,19419,Abayobozi,19420,evolution,po/rw.po
Backup,19423,Inyibutsa,19424,evolution,po/rw.po
Backup All,19427,Inyibutsa ya byose,19428,evolution,po/rw.po
"Before trusting this CA for any purpose, you should examine its certificate and its policy and procedures (if available).",19431,"Mbere yo kwizera uyu CA mubera impamvu iyariyo yose, ugomba kusuzuma impamyabushobozi bwayo n'amategeko n'ibikorwa (niba bihari).",19434,evolution,po/rw.po
Certificate,19440,Impamyabushobozi,19441,evolution,po/rw.po
Common Name (CN),19457,Izina risanzwe (CN),19458,evolution,po/rw.po
Edit,19479,Kwandika,19480,evolution,po/rw.po
Email Recipient Certificate,19487,Impamyabushobozi y'uwandikiwe imeli ,19488,evolution,po/rw.po
Email Signer Certificate,19491,Impamyabushobozi y'ushyiraho umukono kuri imeli,19492,evolution,po/rw.po
Expires On,19495,Bizarenza igihe kwa:,19496,evolution,po/rw.po
Import,19500,Kuzana,19501,evolution,po/rw.po
Issued On,19504,Byasohowe kwa,19505,evolution,po/rw.po
MD5 Fingerprint,19508,Igikumwe kya MD5,19509,evolution,po/rw.po
Organization (O),19512,Ikigo (O),19513,evolution,po/rw.po
Organizational Unit (OU),19516,Igice ky'ikigo (OU),19517,evolution,po/rw.po
SHA1 Fingerprint,19520,Igikumwe kya SHA1,19521,evolution,po/rw.po
SSL Client Certificate,19525,Impamyabushobozi y'umukiriya ukoresha SSL,19526,evolution,po/rw.po
SSL Server Certificate,19529,Impamyabushobozi ya serveri ikoresha SSL,19530,evolution,po/rw.po
Trust this CA to identify email users.,19538,Izera uyu CA arange abakoresha imeli.,19539,evolution,po/rw.po
Trust this CA to identify software developers.,19542,Izera uyu CA arange abandika za porogaramu.,19543,evolution,po/rw.po
Trust this CA to identify web sites.,19546,Izera uyu CA arange za webu.,19547,evolution,po/rw.po
View,19562,Igaragaza,19563,evolution,po/rw.po
You have certificates from these organizations that identify you:,19566,Ufite impamyabushobozi zivuye muri ibi bigo bikuranga:,19567,evolution,po/rw.po
You have certificates on file that identify these certificate authorities:,19570,Ufite impamyabushobozi muri dosiye ziranga aba bayobozi b'impamyabushobozi:,19572,evolution,po/rw.po
You have certificates on file that identify these people:,19576,Ufite impamyabushobozi muri dosiye ziranga aba bantu::,19577,evolution,po/rw.po
Your Certificates,19580,Impamyabushobozi zawe,19581,evolution,po/rw.po
Sign,19600,Shyiraho Umukono,19601,evolution,po/rw.po
Encrypt,19604,Shyiraho Umutekano,19605,evolution,po/rw.po
Version,19609,Verisiyo,19610,evolution,po/rw.po
Version 1,19613,Ikiciro kya 1,19614,evolution,po/rw.po
Version 2,19617,Ikiciro kya 2,19618,evolution,po/rw.po
Version 3,19621,Ikiciro kya 3,19622,evolution,po/rw.po
PKCS #1 MD2 With RSA Encryption,19625,PKCS #1 MD2 ifite umutekano w'ubwoko bwa RSA,19626,evolution,po/rw.po
PKCS #1 MD5 With RSA Encryption,19629,PKCS #1 MD5 ifite umutekano w'ubwoko bwa RSA,19630,evolution,po/rw.po
PKCS #1 SHA-1 With RSA Encryption,19633,PKCS #1 SHA-1 ifite umutekano w'ubwoko bwa RSA,19634,evolution,po/rw.po
PKCS #1 RSA Encryption,19681,PKCS #1 Umutekano w'ubwoko bwa RSA,19682,evolution,po/rw.po
Certificate Key Usage,19685,Ikoreshwa ry'ifunguzo ry'Impamyabushobozi,19686,evolution,po/rw.po
Netscape Certificate Type,19689,Ubwoko bw'impamyabushobozi bwa Netscape,19690,evolution,po/rw.po
Certificate Authority Key Identifier,19693,Iranga ifunguzo ry'ubuyobozi bw'impamyabushobozi,19694,evolution,po/rw.po
Algorithm Identifier,19714,Ikiranga Aligoritime,19715,evolution,po/rw.po
Algorithm Parameters,19718,Ibishingiweho kuri Aligoritime,19719,evolution,po/rw.po
Subject Public Key Info,19722,Ibigyanye n'urufunguzo rusange ry'ibivugwaho,19723,evolution,po/rw.po
Subject Public Key Algorithm,19726,Aligoritime y'urufunguzo rusange ry'ibivugwaho,19727,evolution,po/rw.po
Subject's Public Key,19730,Urufunguzo rusange rw'ibivugwaho,19731,evolution,po/rw.po
Error: Unable to process extension,19734,Ikosa: Ntibishobotse gukora iyongera,19735,evolution,po/rw.po
Object Signer,19738,Igikoresho ky'ushyiraho umukono,19739,evolution,po/rw.po
SSL Certificate Authority,19742,Ubuyobozi bw'impamyabushobozi bwa SSL,19743,evolution,po/rw.po
Email Certificate Authority,19746,Ubuyobozi bw'impamyabushobozi bwa imeli,19747,evolution,po/rw.po
Signing,19750,Ishirwaho umukono,19751,evolution,po/rw.po
Non-repudiation,19754,Kutirukana,19755,evolution,po/rw.po
Key Agreement,19766,ibyemejwe by'ifungunzo,19767,evolution,po/rw.po
Certificate Signer,19770,Uwashizeho umukono kw'impamyabushobozi,19771,evolution,po/rw.po
CRL Signer,19774,Uwashizeho umukono kuri CRL,19775,evolution,po/rw.po
Critical,19778,Ibyangombwa,19779,evolution,po/rw.po
Not Critical,19782,Ibitari byangombwa,19783,evolution,po/rw.po
Extensions,19786,Umigereka,19787,evolution,po/rw.po
Certificate Signature Algorithm,19796,Aligoritime y'umukono w'impamyabushobozi,19797,evolution,po/rw.po
Issuer,19800,Wasohoye,19801,evolution,po/rw.po
Issuer Unique ID,19804,Ikiranga nyakamwe ky'usohora,19805,evolution,po/rw.po
Subject Unique ID,19808,Ikiranga nyakamwe y'ibivugwaho,19809,evolution,po/rw.po
Certificate Signature Value,19812,Agaciro k'umukono w'impamyabushobozi,19813,evolution,po/rw.po
Imported Certificate,19826,Iyimura y'impamya bushobozi,19827,evolution,po/rw.po
Select All,19930,Guhitamo Byose,19931,evolution,po/rw.po
Stop,19960,Guhagarara,19961,evolution,po/rw.po
Stop Loading,19965,Guhagarika Gutangiza,19966,evolution,po/rw.po
Day,20007,Umunsi,20008,evolution,po/rw.po
List,20050,Urutonde,20051,evolution,po/rw.po
Month,20055,Ukwezi,20056,evolution,po/rw.po
Next,20059,Ikurikira,20060,evolution,po/rw.po
Previous,20068,Ibanjirije,20069,evolution,po/rw.po
Week,20136,Icyumweru,20137,evolution,po/rw.po
Move,20664,Kwimura,20665,evolution,po/rw.po
Not Junk,20687,Bidapfuye,20688,evolution,po/rw.po
Close,20941,Gufunga,20942,evolution,po/rw.po
Attach,20983,gereka,20984,evolution,po/rw.po
Save As,21065,Kubika nka,21066,evolution,po/rw.po
Subscribe,21278,Kwiyandikisha,21279,evolution,po/rw.po
Table,21686,Imbonerahamwe,21687,evolution,po/rw.po
Fill color,21763,Ibara ryo kuzuza,21764,evolution,po/rw.po
Spacing,21832,Gutandukanya,21833,evolution,po/rw.po
Baltic,21852,Igibalitiki,21853,evolution,po/rw.po
Central European,21856,Uburayi bwo hagati,21857,evolution,po/rw.po
Chinese,21861,Igishinwa,21862,evolution,po/rw.po
Cyrillic,21866,Nyasilike,21867,evolution,po/rw.po
Greek,21871,Ikigereki,21872,evolution,po/rw.po
Hebrew,21876,Igiheburayo,21877,evolution,po/rw.po
Japanese,21881,Ikiyapani,21882,evolution,po/rw.po
Korean,21886,Ikinyakoreya,21887,evolution,po/rw.po
Turkish,21891,Igituruki,21892,evolution,po/rw.po
Unicode,21896,Inikode,21897,evolution,po/rw.po
Western European,21900,By'Uburayi bw'Uburengerazuba,21901,evolution,po/rw.po
Ukrainian,21919,Nyaukerene,21920,evolution,po/rw.po
Visual,21923,Iboneka,21924,evolution,po/rw.po
Character Encoding,21933,Imisobekere y'Inyuguti,21934,evolution,po/rw.po
Other...,21943,Ikindi...,21944,evolution,po/rw.po
Expanded,21990,Cyagutse,21991,evolution,po/rw.po
Save Search,22095,Bika ishakisha,22096,evolution,po/rw.po
Text,22194,Umwandiko,22195,evolution,po/rw.po
Selection Mode,22217,Uburyo bw'Ihitamo,22218,evolution,po/rw.po
Ascending,22456,Ubujyejuru,22457,evolution,po/rw.po
Descending,22469,Ubujyesi,22470,evolution,po/rw.po
State,22545,Leta,22546,evolution,po/rw.po
Sort Ascending,22720,Gushungura ubujyejuru,22721,evolution,po/rw.po
Sort Descending,22727,Gushungura ubujyesi,22728,evolution,po/rw.po
Alignment,22752,Itunganya,22753,evolution,po/rw.po
Bold,22940,Bitsindagiye,22941,evolution,po/rw.po
Anchor,22950,Agafashi,22951,evolution,po/rw.po
X Offset,22972,X-Vanaho,22973,evolution,po/rw.po
Y Offset,22977,Y-Vanaho,22978,evolution,po/rw.po
Delete,82,Gusiba,83,file-roller,po/rw.po
Location,96,Ahantu,97,file-roller,po/rw.po
Location:,102,Intaho:,103,file-roller,po/rw.po
Password,111,Ijambobanga,112,file-roller,po/rw.po
Automatic,210,Kikoresha,211,file-roller,po/rw.po
Overwrite,316,Gusimbuza,317,file-roller,po/rw.po
New,326,Gishya,327,file-roller,po/rw.po
All files,336,amadosiye yose,337,file-roller,po/rw.po
Open,351,Gufungura,352,file-roller,po/rw.po
Save,361,Kubika,362,file-roller,po/rw.po
Files,525,Idosiye,526,file-roller,po/rw.po
Path:,557,Inzira:,558,file-roller,po/rw.po
Name:,562,Izina:,563,file-roller,po/rw.po
Add,768,Kongera,769,file-roller,po/rw.po
Folder,1025,Ububiko,1026,file-roller,po/rw.po
Size,1169,Ingano,1170,file-roller,po/rw.po
Type,1174,Ubwoko,1175,file-roller,po/rw.po
Name,1184,Izina,1185,file-roller,po/rw.po
Rename,1255,Guhindura izina,1256,file-roller,po/rw.po
Preferences,66,Ibyahisemo,67,five-or-more,po/rw.po
Appearance,71,Imigaragarire,72,five-or-more,po/rw.po
General,118,Rusange,119,five-or-more,po/rw.po
Background color,187,Ibara rya mbuganyuma,188,five-or-more,po/rw.po
Theme ID,105,Ikiranga Insanganyamatsiko,106,four-in-a-row,po/rw.po
Sound,114,Ijwi,115,four-in-a-row,po/rw.po
Move left,124,Kwimura ibumoso,125,four-in-a-row,po/rw.po
Move right,134,Kwimura Iburyo,135,four-in-a-row,po/rw.po
Preferences,245,Ibyahisemo,246,four-in-a-row,po/rw.po
Red,326,Umutuku,327,four-in-a-row,po/rw.po
Green,331,Icyatsi,332,four-in-a-row,po/rw.po
Blue,358,Ubururu,359,four-in-a-row,po/rw.po
Username,135,Izina ry'ukoresha,136,gdm,po/rw.po
Source,42,Inkomoko,43,gedit,po/rw.po
Text Editor,60,Umuhinduzi w'inyandiko,61,gedit,po/rw.po
Background Color,96,Ibara rya mbuganyuma,97,gedit,po/rw.po
Text Color,466,Ibara y'inyandiko,467,gedit,po/rw.po
Replace,711,Gusimbura,712,gedit,po/rw.po
Find,729,Gushaka,730,gedit,po/rw.po
Enabled,778,Bikora,779,gedit,po/rw.po
Elements,835,Ibintu,836,gedit,po/rw.po
Bold,909,Bitsindagiye,910,gedit,po/rw.po
Editor,929,Muhinduzi,930,gedit,po/rw.po
Italic,974,Biberamye,975,gedit,po/rw.po
Preferences,1019,Ibyahisemo,1020,gedit,po/rw.po
Strikethrough,1033,Icishamokarongo,1034,gedit,po/rw.po
Underline,1051,Gucaho umurongo,1052,gedit,po/rw.po
View,1067,Igaragaza,1068,gedit,po/rw.po
Goto Line,1135,Gya kumurongo,1136,gedit,po/rw.po
Fonts,1148,Imyandikire,1149,gedit,po/rw.po
General,1161,Rusange,1162,gedit,po/rw.po
Page Setup,1171,Iboneza ry'ipaji,1172,gedit,po/rw.po
lines,1210,Imirongo,1211,gedit,po/rw.po
Replace All,1262,Hindura byose,1263,gedit,po/rw.po
Unicode,1411,Inikode,1412,gedit,po/rw.po
Western,1417,By'iburengerazuba,1418,gedit,po/rw.po
Central European,1422,Uburayi bwo hagati,1423,gedit,po/rw.po
Baltic,1431,Igibalitiki,1432,gedit,po/rw.po
Cyrillic,1438,Nyasilike,1439,gedit,po/rw.po
Arabic,1444,Icyarabu,1445,gedit,po/rw.po
Greek,1450,Ikigereki,1451,gedit,po/rw.po
Hebrew,1460,Igiheburayo,1461,gedit,po/rw.po
Turkish,1466,Igituruki,1467,gedit,po/rw.po
Romanian,1479,Nyarumeniya,1480,gedit,po/rw.po
Armenian,1487,Nyarumeniya,1488,gedit,po/rw.po
Chinese Traditional,1492,Igishinwa Karande,1493,gedit,po/rw.po
Japanese,1503,Ikiyapani,1504,gedit,po/rw.po
Korean,1509,Ikinyakoreya,1510,gedit,po/rw.po
Chinese Simplified,1514,Igishinwa cyoroheje,1515,gedit,po/rw.po
Georgian,1518,Ikinyageworugiya,1519,gedit,po/rw.po
Vietnamese,1527,Ikinyaviyetinamu,1528,gedit,po/rw.po
Thai,1535,Tayi,1536,gedit,po/rw.po
Unknown,1540,Kitazwi,1541,gedit,po/rw.po
All Files,1564,Amadosiye yose,1565,gedit,po/rw.po
Open File...,1591,Fungura Idosiye...,1592,gedit,po/rw.po
Name:,2013,Izina:,2014,gedit,po/rw.po
Encoding:,2023,Imisobekere:,2024,gedit,po/rw.po
Read Only,2038,Gusoma gusa,2039,gedit,po/rw.po
Normal,2043,Bisanzwe,2044,gedit,po/rw.po
Print,2088,Gucapa,2089,gedit,po/rw.po
Lines,2106,Imirongo,2107,gedit,po/rw.po
Close,2170,Gufunga,2171,gedit,po/rw.po
Copy,2190,Gukoporora,2191,gedit,po/rw.po
Cut,2211,Gukata,2212,gedit,po/rw.po
Delete,2224,Gusiba,2225,gedit,po/rw.po
Find Previous,2243,Shaka ibibanjirije,2244,gedit,po/rw.po
New,2272,Gishya,2273,gedit,po/rw.po
Open,2282,Gufungura,2283,gedit,po/rw.po
Paste,2315,Komeka,2316,gedit,po/rw.po
Print Preview,2335,Igaragazambere ryo Gucapa,2336,gedit,po/rw.po
Quit,2344,Kuvamo,2345,gedit,po/rw.po
Redo,2358,Isubiramo,2359,gedit,po/rw.po
Revert,2367,Kugaruza,2368,gedit,po/rw.po
Save,2377,Kubika,2378,gedit,po/rw.po
Save As,2383,Kubika nka,2384,gedit,po/rw.po
Search for text,2419,Gushakisha k'umwandiko,2420,gedit,po/rw.po
Select All,2429,Guhitamo Byose,2430,gedit,po/rw.po
Undo,2483,Isubiranyuma,2484,gedit,po/rw.po
Document Statistics,2839,Imibarefatizo y'inyandiko,2840,gedit,po/rw.po
Bytes,2867,Bayite,2868,gedit,po/rw.po
Update,2881,Kuvugurura,2882,gedit,po/rw.po
Words,2886,Amagambo,2887,gedit,po/rw.po
User name,2939,Izina-nkoresha,2940,gedit,po/rw.po
Stopped,2994,Kyahagariswe,2995,gedit,po/rw.po
Done,3012,Byakozwe,3013,gedit,po/rw.po
Failed,3016,Byanze,3017,gedit,po/rw.po
Sort,3101,Ishungura,3102,gedit,po/rw.po
(no suggested words),3139,(Nta jambo yatanzwe),3140,gedit,po/rw.po
Check Spelling,3166,Genzura imyandikire,3167,gedit,po/rw.po
Suggestions,3171,ibyifuzo,3172,gedit,po/rw.po
(correct spelling),3175,(Ivuganyugutia nyayo),3176,gedit,po/rw.po
Afrikaans,3185,Nyafurikansi,3186,gedit,po/rw.po
Amharic,3189,Ikinyamarike,3190,gedit,po/rw.po
Azerbaijani,3193,Ikinyazeribayijani,3194,gedit,po/rw.po
Belarusian,3197,Ikibelarusiya,3198,gedit,po/rw.po
Bulgarian,3202,Nyabuligariya,3203,gedit,po/rw.po
Breton,3214,Ikinyabureto,3215,gedit,po/rw.po
Catalan,3219,Nyakatara,3220,gedit,po/rw.po
Czech,3224,Ceke,3225,gedit,po/rw.po
Welsh,3229,Ikigaruwa,3230,gedit,po/rw.po
Danish,3234,Ikidanwa,3235,gedit,po/rw.po
German (Austria),3239,Ikidage (Ositiriya),3240,gedit,po/rw.po
German (Germany),3244,Ikidage (Ubudage),3245,gedit,po/rw.po
Esperanto,3265,Icyesiperanto,3266,gedit,po/rw.po
Spanish,3270,Icyesipanyoro,3271,gedit,po/rw.po
Estonian,3275,Ikinyesitoniya,3276,gedit,po/rw.po
Persian,3279,Ikinyaperisi,3280,gedit,po/rw.po
Finnish,3284,Ikinyafinirande,3285,gedit,po/rw.po
Faroese,3288,Igifarowe,3289,gedit,po/rw.po
French (France),3293,Igifaransa (Ubufaransa),3294,gedit,po/rw.po
Irish,3301,Icyirirande,3302,gedit,po/rw.po
Gallegan,3309,Ikigalegani,3310,gedit,po/rw.po
Hindi,3321,Igihindi,3322,gedit,po/rw.po
Croatian,3326,Nyakorowatiya,3327,gedit,po/rw.po
Upper Sorbian,3330,Ikinyasorubiya cyo hejuru,3331,gedit,po/rw.po
Hungarian,3335,Nyahongiriya,3336,gedit,po/rw.po
Indonesian,3344,Nya-indonesiya,3345,gedit,po/rw.po
Icelandic,3349,Nya-isilande,3350,gedit,po/rw.po
Italian,3354,Igitariyani,3355,gedit,po/rw.po
Kurdish,3358,Igikurudishi,3359,gedit,po/rw.po
Latin,3363,Ikiratini,3364,gedit,po/rw.po
Lithuanian,3367,Ikirituwaniya,3368,gedit,po/rw.po
Latvian,3372,Nyarativiya,3373,gedit,po/rw.po
Malagasy,3376,Ikimaragasi,3377,gedit,po/rw.po
Maori,3380,Ikimawori,3381,gedit,po/rw.po
Macedonian,3385,Nyamasedoniya,3386,gedit,po/rw.po
Mongolian,3390,Nyamongoliya,3391,gedit,po/rw.po
Malay,3399,Ikimalayi,3400,gedit,po/rw.po
Maltese,3403,Ikinyamalite,3404,gedit,po/rw.po
Dutch,3412,Igihorandi,3413,gedit,po/rw.po
Norwegian Nynorsk,3416,Ikinyanoruveji nayinorusiki,3417,gedit,po/rw.po
Norwegian,3420,Ikinyanoruveji,3421,gedit,po/rw.po
Polish,3429,Igiporonye,3430,gedit,po/rw.po
Portuguese (Portugal),3434,Igiporitigari (Poritigari),3435,gedit,po/rw.po
Quechua,3442,Igikwecuwa,3443,gedit,po/rw.po
Russian,3447,Ikirusi,3448,gedit,po/rw.po
Kinyarwanda,3451,Ikinyarwanda,3452,gedit,po/rw.po
Sardinian,3455,Igisaridiniyani,3456,gedit,po/rw.po
Slovak,3459,Igisilovake,3460,gedit,po/rw.po
Slovenian,3464,Ikinyasiloveniya,3465,gedit,po/rw.po
Swedish,3469,Igisuwedi,3470,gedit,po/rw.po
Swahili,3474,Igiswahiri,3475,gedit,po/rw.po
Tamil,3482,Tamili,3483,gedit,po/rw.po
Tetum,3486,Igitetumu,3487,gedit,po/rw.po
Tswana,3495,Igitswana,3496,gedit,po/rw.po
Ukrainian,3500,Nyaukerene,3501,gedit,po/rw.po
Uzbek,3504,Icyuzubeka,3505,gedit,po/rw.po
Walloon,3508,Ikiwaluni,3509,gedit,po/rw.po
Yiddish,3512,Ikiyidishi,3513,gedit,po/rw.po
Zulu,3516,Ikizulu,3517,gedit,po/rw.po
Default,3520,Mburabuzi,3521,gedit,po/rw.po
Languages,3530,Indimi,3531,gedit,po/rw.po
Language:,3591,Ururimi:,3592,gedit,po/rw.po
Abbreviation,3676,Impine,3677,gedit,po/rw.po
Above,3686,Hejuru,3687,gedit,po/rw.po
Align,3700,Itunganya,3701,gedit,po/rw.po
Anchor,3714,Agafashi,3715,gedit,po/rw.po
Array,3733,Imbonerahamwe,3734,gedit,po/rw.po
Background color,3756,Ibara rya mbuganyuma,3757,gedit,po/rw.po
Behavior,3776,imyitwarire,3777,gedit,po/rw.po
Border,3785,Imbibi,3786,gedit,po/rw.po
Box,3795,Agasanduku,3796,gedit,po/rw.po
Center,3804,Hagati,3805,gedit,po/rw.po
Columns,3857,Inkingi,3858,gedit,po/rw.po
Comment,3862,Icyo wongeraho,3863,gedit,po/rw.po
Content type,3876,Ubwoko bw'ibikubiyemo,3877,gedit,po/rw.po
Direction,3934,Icyerekezo,3935,gedit,po/rw.po
Disabled,3947,Yahagaritswe,3948,gedit,po/rw.po
Document title,3966,Umutwe-Nyandiko,3967,gedit,po/rw.po
Emphasis,3987,Gushimangira,3988,gedit,po/rw.po
Form,4014,Ifishi,4015,gedit,po/rw.po
Frame,4053,Ikadiri,4054,gedit,po/rw.po
Heading,4147,Umutwempangano,4148,gedit,po/rw.po
Heading 1,4152,Umutwe 1,4153,gedit,po/rw.po
Heading 2,4157,Umutwe 2,4158,gedit,po/rw.po
Heading 3,4162,Umutwe 3,4163,gedit,po/rw.po
Heading 4,4167,Umutwe 4,4168,gedit,po/rw.po
Heading 5,4172,Umutwe 5,4173,gedit,po/rw.po
Heading 6,4177,Umutwe 6,4178,gedit,po/rw.po
Height,4181,Ubuhagarike,4182,gedit,po/rw.po
Image,4203,Ishusho,4204,gedit,po/rw.po
Image map,4208,Ikarita y'ishusho,4209,gedit,po/rw.po
Label,4257,Akarango,4258,gedit,po/rw.po
Layer,4271,Akugara,4272,gedit,po/rw.po
Multiple,4358,Igikubo,4359,gedit,po/rw.po
Name,4362,Izina,4363,gedit,po/rw.po
Note,4418,Igisobanuro,4419,gedit,po/rw.po
Paragraph,4547,Igika,4548,gedit,po/rw.po
Quote,4588,Gushyiraho akugarizo,4589,gedit,po/rw.po
Range,4598,Igice,4599,gedit,po/rw.po
Root,4618,Imizi,4619,gedit,po/rw.po
Rows,4626,Imbariro,4627,gedit,po/rw.po
Scrollbar,4654,Agafashsagenda,4655,gedit,po/rw.po
Selected,4663,Byahiswemo,4664,gedit,po/rw.po
Shape,4673,Imisusire,4674,gedit,po/rw.po
Size,4691,Ingano,4692,gedit,po/rw.po
Sound,4705,Ijwi,4706,gedit,po/rw.po
Space,4710,Umwanya,4711,gedit,po/rw.po
Subscript,4778,Inyandiko nyesi,4779,gedit,po/rw.po
Superscript,4786,Inyandiko nyejuru,4787,gedit,po/rw.po
Table,4795,Imbonerahamwe,4796,gedit,po/rw.po
Table row,4841,Urubariro rw'imbonerahamwe,4842,gedit,po/rw.po
Text,4871,Umwandiko,4872,gedit,po/rw.po
Text color,4876,ibara ry'amagambo,4877,gedit,po/rw.po
Title,4885,Umutwe,4886,gedit,po/rw.po
Value,4913,Agaciro,4914,gedit,po/rw.po
Width,4941,Ubugari,4942,gedit,po/rw.po
Footnote,5006,Ubusobanuro mpezarupapuro,5007,gedit,po/rw.po
Item,5123,Ikintu,5124,gedit,po/rw.po
Decimal,53,Ikinyacumi,54,ghex,po/rw.po
Binary,67,Nyabibiri,68,ghex,po/rw.po
ERROR,139,IKOSA,140,ghex,po/rw.po
Cancel,192,Kureka,193,ghex,po/rw.po
Add,214,Kongera,215,ghex,po/rw.po
Close,242,Gufunga,243,ghex,po/rw.po
Replace,294,Gusimbura,295,ghex,po/rw.po
Replace All,304,Hindura byose,305,ghex,po/rw.po
OK,335,YEGO,336,ghex,po/rw.po
Bytes,448,Bayite,449,ghex,po/rw.po
Contents,484,Ibigize,485,ghex,po/rw.po
Copy,493,Gukoporora,494,ghex,po/rw.po
Cut,503,Gukata,504,ghex,po/rw.po
Exit,525,Gusohoka,526,ghex,po/rw.po
Find,545,Gushaka,546,ghex,po/rw.po
Insert Mode,578,Kongeramo Uburyo,579,ghex,po/rw.po
Open,602,Gufungura,603,ghex,po/rw.po
Paste,617,Komeka,618,ghex,po/rw.po
Preferences,628,Ibyahisemo,629,ghex,po/rw.po
Print,639,Gucapa,640,ghex,po/rw.po
Redo,663,Isubiramo,664,ghex,po/rw.po
Revert,686,Kugaruza,687,ghex,po/rw.po
Save,696,Kubika,697,ghex,po/rw.po
Save As,702,Kubika nka,703,ghex,po/rw.po
Undo,755,Isubiranyuma,756,ghex,po/rw.po
Words,765,Amagambo,766,ghex,po/rw.po
Preview,1051,Igaragazambere,1052,ghex,po/rw.po
Title,1078,Umutwe,1079,ghex,po/rw.po
Font,1139,Intego-nyuguti,1140,ghex,po/rw.po
New document,1216,Inyandiko nshya,1217,ghex,po/rw.po
Page,1222,Ipaji,1223,ghex,po/rw.po
Previous page,1241,Ipaje ibanza,1242,ghex,po/rw.po
Next page,1250,Ipaje ikurikira,1251,ghex,po/rw.po
Display,1338,Kugaragaza,1339,ghex,po/rw.po
Paper size,1344,ingano y'urupapuro,1345,ghex,po/rw.po
Fonts,1353,Imyandikire,1354,ghex,po/rw.po
Printing,1408,Icapa,1409,ghex,po/rw.po
Pages,1521,Amapaji,1522,ghex,po/rw.po
Basic,110,By'ibanze,111,gnome-calculator,po/rw.po
Advanced,114,Urwego rwo hejuru,115,gnome-calculator,po/rw.po
Financial,122,Bijyanye n'umutungo,123,gnome-calculator,po/rw.po
Scientific,127,Cya gihanga,128,gnome-calculator,po/rw.po
Expression,132,imvugo,133,gnome-calculator,po/rw.po
Divide,204,Igabanya,205,gnome-calculator,po/rw.po
Backspace,236,Gusiba usubira inyuma,237,gnome-calculator,po/rw.po
Clear,263,Gusiba,264,gnome-calculator,po/rw.po
Multiply,299,kuba,300,gnome-calculator,po/rw.po
Subtract,395,Gukuramo,396,gnome-calculator,po/rw.po
Percentage,410,ijanisha,411,gnome-calculator,po/rw.po
Add,507,Kongera,508,gnome-calculator,po/rw.po
Pv,651,Agaciro k'iki gihe,652,gnome-calculator,po/rw.po
Rate,690,Igipimo,691,gnome-calculator,po/rw.po
Term,721,Ijambo,722,gnome-calculator,po/rw.po
Shift right,778,Kugana iburyo,779,gnome-calculator,po/rw.po
Factorial,944,Fagitoriyeri,945,gnome-calculator,po/rw.po
Or,1091,Cyangwa,1092,gnome-calculator,po/rw.po
And,1105,Na,1106,gnome-calculator,po/rw.po
Error,1214,Ikosa,1215,gnome-calculator,po/rw.po
Paste selection,1381,Komeka ihitamo,1382,gnome-calculator,po/rw.po
Note:,1739,Ibisobanuro:,1740,gnome-calculator,po/rw.po
No.,1753,Oya.,1754,gnome-calculator,po/rw.po
Value,1757,Agaciro,1758,gnome-calculator,po/rw.po
Description,1765,Isobanuramiterere,1766,gnome-calculator,po/rw.po
and,1899,na,1900,gnome-calculator,po/rw.po
or,2033,cyangwa,2034,gnome-calculator,po/rw.po
rate,2075,Igipimo,2076,gnome-calculator,po/rw.po
Preferences,127,Ibyahisemo,128,gnome-chess,po/rw.po
Paused,551,Mu karuhuko,552,gnome-chess,po/rw.po
Keyboard,513,Mwandikisho,514,gnome-control-center,po/rw.po
Basic,574,By'ibanze,575,gnome-control-center,po/rw.po
Filters,624,Muyunguruzi,625,gnome-control-center,po/rw.po
seconds,748,amasogonda,749,gnome-control-center,po/rw.po
Centered,797,Biri hagati,798,gnome-control-center,po/rw.po
Connecting...,955,Kwihuza...,956,gnome-control-center,po/rw.po
Key,960,Urufunguzo,961,gnome-control-center,po/rw.po
Add...,1199,Kingeraho,1200,gnome-control-center,po/rw.po
Delete,1258,Gusiba,1259,gnome-control-center,po/rw.po
Edit...,1267,Kwandika...,1268,gnome-control-center,po/rw.po
Text Editor,1298,Umuhinduzi w'inyandiko,1299,gnome-control-center,po/rw.po
Window Manager,1316,Umuyobozi w'idirishya,1317,gnome-control-center,po/rw.po
Options,1399,Amahitamo,1400,gnome-control-center,po/rw.po
Font,1450,Intego-nyuguti,1451,gnome-control-center,po/rw.po
Disabled,1664,Yahagaritswe,1665,gnome-control-center,po/rw.po
Desktop,1673,Ibiro,1674,gnome-control-center,po/rw.po
Sound,1678,Ijwi,1679,gnome-control-center,po/rw.po
Action,1704,Igikorwa,1705,gnome-control-center,po/rw.po
Shortcut,1708,Iy'ubusamo,1709,gnome-control-center,po/rw.po
Unknown,1732,Kitazwi,1733,gnome-control-center,po/rw.po
Layout,1740,Imigaragarire,1741,gnome-control-center,po/rw.po
Default,1749,Mburabuzi,1750,gnome-control-center,po/rw.po
Layouts,1890,Imigaragarire,1891,gnome-control-center,po/rw.po
Preview:,1907,Igaragazambere:,1908,gnome-control-center,po/rw.po
minutes,1967,iminota,1968,gnome-control-center,po/rw.po
Buttons,2092,Utubuto,2093,gnome-control-center,po/rw.po
Mouse,2158,Imbeba,2159,gnome-control-center,po/rw.po
Port:,2226,Impagikiro:,2227,gnome-control-center,po/rw.po
General,2302,Rusange,2303,gnome-control-center,po/rw.po
Controls,2520,Amagenzura,2521,gnome-control-center,po/rw.po
Icons,2525,Udushushondanga,2526,gnome-control-center,po/rw.po
Open File,2654,Gufungura Dosiye,2655,gnome-control-center,po/rw.po
Save File,2658,Bika idosiye,2659,gnome-control-center,po/rw.po
Text only,2678,Umwandiko gusa,2679,gnome-control-center,po/rw.po
Control,2773,Igenzura,2774,gnome-control-center,po/rw.po
Others,2849,Ibindi,2850,gnome-control-center,po/rw.po
Volume,2867,Igice,2868,gnome-control-center,po/rw.po
Type,3121,Ubwoko,3122,gnome-control-center,po/rw.po
Screen,3151,Mugaragaza,3152,gnome-control-center,po/rw.po
Event,3189,Icyabaye,3190,gnome-control-center,po/rw.po
Maximize,3234,Kugira kinini,3235,gnome-control-center,po/rw.po
Roll up,3239,Kuzamura,3240,gnome-control-center,po/rw.po
E-mail,3278,Imeli,3279,gnome-control-center,po/rw.po
Pause,3352,akaruhuko,3353,gnome-control-center,po/rw.po
Search,3380,Gushaka,3381,gnome-control-center,po/rw.po
Name:,3662,Izina:,3663,gnome-control-center,po/rw.po
Style:,3667,Imisusire,3668,gnome-control-center,po/rw.po
Type:,3672,Ubwoko,3673,gnome-control-center,po/rw.po
Size:,3677,Ingano,3678,gnome-control-center,po/rw.po
Version:,3682,Verisiyo:,3683,gnome-control-center,po/rw.po
Description:,3692,Umwirondoro,3693,gnome-control-center,po/rw.po
Themes,3822,Insanganyamatsiko,3823,gnome-control-center,po/rw.po
Description,3830,Isobanuramiterere,3831,gnome-control-center,po/rw.po
Daisy,177,Marigarita,178,gnome-klotski,po/rw.po
Violet,183,Idoma ryijimye,184,gnome-klotski,po/rw.po
Success,223,Ibyatunganye,224,gnome-klotski,po/rw.po
Paused,141,Mu karuhuko,142,gnome-mahjongg,po/rw.po
Preferences,292,Ibyahisemo,293,gnome-mahjongg,po/rw.po
Time,359,Igihe,360,gnome-mahjongg,po/rw.po
Accessibility,30,Ubushobozi bwo gukoreshwa,31,gnome-menus,po/rw.po
Applications,46,Porogaramu,47,gnome-menus,po/rw.po
Graphics,72,Ibishushanyo,73,gnome-menus,po/rw.po
Internet,82,Interineti,83,gnome-menus,po/rw.po
Office,101,Ofise,102,gnome-menus,po/rw.po
Other,115,Ikindi,116,gnome-menus,po/rw.po
Preferences,131,Ibyahisemo,132,gnome-menus,po/rw.po
Administration,136,ubuyobozi,137,gnome-menus,po/rw.po
Paused,227,Mu karuhuko,228,gnome-mines,po/rw.po
Host,114,Ubuturo,115,gnome-nettool,po/rw.po
Lookup,128,Gushakisha,129,gnome-nettool,po/rw.po
Scan,217,Gusikana,218,gnome-nettool,po/rw.po
State:,227,Leta:,228,gnome-nettool,po/rw.po
User,263,Ukoresha,264,gnome-nettool,po/rw.po
Unknown,373,Kitazwi,374,gnome-nettool,po/rw.po
Active,381,Gikora,382,gnome-nettool,po/rw.po
Enabled,395,Bikora,396,gnome-nettool,po/rw.po
Disabled,399,Yahagaritswe,400,gnome-nettool,po/rw.po
Name,485,Izina,486,gnome-nettool,po/rw.po
Address,503,Aderesi,504,gnome-nettool,po/rw.po
DEVICE,523,APAREYE,524,gnome-nettool,po/rw.po
Protocol,608,Porotokole,609,gnome-nettool,po/rw.po
State,685,Leta,686,gnome-nettool,po/rw.po
Destination,693,Ishyika,694,gnome-nettool,po/rw.po
Group,717,Itsinda,718,gnome-nettool,po/rw.po
Stop,772,Guhagarara,773,gnome-nettool,po/rw.po
Run,780,Gukoresha,781,gnome-nettool,po/rw.po
Bytes,790,Bayite,791,gnome-nettool,po/rw.po
Source,794,Inkomoko,795,gnome-nettool,po/rw.po
Time,802,Igihe,803,gnome-nettool,po/rw.po
unknown,855,ntibizwi,856,gnome-nettool,po/rw.po
Port,860,Umuyoboro,861,gnome-nettool,po/rw.po
Service,865,Imirimo,866,gnome-nettool,po/rw.po
Controls,111,Amagenzura,112,gnome-nibbles,po/rw.po
Paused,127,Mu karuhuko,128,gnome-nibbles,po/rw.po
Move up,295,Kwimura Hejuru,296,gnome-nibbles,po/rw.po
Move down,306,Kwimura Hasi,307,gnome-nibbles,po/rw.po
Move left,317,Kwimura ibumoso,318,gnome-nibbles,po/rw.po
Move right,328,Kwimura Iburyo,329,gnome-nibbles,po/rw.po
Preferences,343,Ibyahisemo,344,gnome-nibbles,po/rw.po
Speed,347,Umuvuduko,348,gnome-nibbles,po/rw.po
Options,371,Amahitamo,372,gnome-nibbles,po/rw.po
Medium,476,Hagati,477,gnome-nibbles,po/rw.po
Congratulations!,520,Nibyiza!,521,gnome-nibbles,po/rw.po
Background color,120,Ibara rya mbuganyuma,121,gnome-robots,po/rw.po
Preferences,462,Ibyahisemo,463,gnome-robots,po/rw.po
Appearance,514,Imigaragarire,515,gnome-robots,po/rw.po
Keyboard,527,Mwandikisho,528,gnome-robots,po/rw.po
Order,116,Itondekanya,117,gnome-session,po/rw.po
Style,121,Umususire,122,gnome-session,po/rw.po
State,125,Leta,126,gnome-session,po/rw.po
Program,129,Porogaramu,130,gnome-session,po/rw.po
Saving,162,Mu kubika,163,gnome-session,po/rw.po
Unknown,172,Kitazwi,173,gnome-session,po/rw.po
Normal,182,Bisanzwe,183,gnome-session,po/rw.po
Restart,197,Ongera utangire,198,gnome-session,po/rw.po
Settings,215,Amagenamiterere,216,gnome-session,po/rw.po
Action,281,Igikorwa,282,gnome-session,po/rw.po
Command,484,Icyo wifuza,485,gnome-session,po/rw.po
Window Manager,529,Umuyobozi w'idirishya,530,gnome-session,po/rw.po
Search,185,Gushaka,186,gnome-settings-daemon,po/rw.po
Font,539,Intego-nyuguti,540,gnome-settings-daemon,po/rw.po
Keyboard,610,Mwandikisho,611,gnome-settings-daemon,po/rw.po
Volume,650,Igice,651,gnome-settings-daemon,po/rw.po
Mouse,698,Imbeba,699,gnome-settings-daemon,po/rw.po
Sound,808,Ijwi,809,gnome-settings-daemon,po/rw.po
Paused,373,Mu karuhuko,374,gnome-sudoku,po/rw.po
Note:,79,Ibisobanuro:,80,gnome-system-monitor,po/rw.po
Command:,211,Komandi:,212,gnome-system-monitor,po/rw.po
Status:,216,Imimerere:,217,gnome-system-monitor,po/rw.po
Priority:,221,By'ibanze,222,gnome-system-monitor,po/rw.po
Device,467,Ububiko,468,gnome-system-monitor,po/rw.po
Directory,472,Ububiko,473,gnome-system-monitor,po/rw.po
Type,477,Ubwoko,478,gnome-system-monitor,po/rw.po
Total,485,Igiteranyo,486,gnome-system-monitor,po/rw.po
Free,490,Kigenga,491,gnome-system-monitor,po/rw.po
of,527,Bya,528,gnome-system-monitor,po/rw.po
Filename,543,Izina ry'idosiye,544,gnome-system-monitor,po/rw.po
Flags,562,Amabendera,563,gnome-system-monitor,po/rw.po
Object,618,Igikoresho,619,gnome-system-monitor,po/rw.po
Icon,739,Agashushondanga,740,gnome-system-monitor,po/rw.po
Behavior,748,imyitwarire,749,gnome-system-monitor,po/rw.po
seconds,758,amasogonda,759,gnome-system-monitor,po/rw.po
User,807,Ukoresha,808,gnome-system-monitor,po/rw.po
Status,811,Imimerere,812,gnome-system-monitor,po/rw.po
Memory,816,Ububiko,817,gnome-system-monitor,po/rw.po
Arguments,860,ingingo,861,gnome-system-monitor,po/rw.po
Stopped,868,Kyahagariswe,869,gnome-system-monitor,po/rw.po
Disabled,59,Yahagaritswe,60,gnome-terminal,po/rw.po
Western,79,By'iburengerazuba,80,gnome-terminal,po/rw.po
Central European,84,Uburayi bwo hagati,85,gnome-terminal,po/rw.po
Baltic,92,Igibalitiki,93,gnome-terminal,po/rw.po
Cyrillic,98,Nyasilike,99,gnome-terminal,po/rw.po
Arabic,104,Icyarabu,105,gnome-terminal,po/rw.po
Greek,109,Ikigereki,110,gnome-terminal,po/rw.po
Hebrew,119,Igiheburayo,120,gnome-terminal,po/rw.po
Turkish,125,Igituruki,126,gnome-terminal,po/rw.po
Romanian,138,Nyarumeniya,139,gnome-terminal,po/rw.po
Unicode,144,Inikode,145,gnome-terminal,po/rw.po
Armenian,152,Nyarumeniya,153,gnome-terminal,po/rw.po
Chinese Traditional,156,Igishinwa Karande,157,gnome-terminal,po/rw.po
Japanese,165,Ikiyapani,166,gnome-terminal,po/rw.po
Korean,171,Ikinyakoreya,172,gnome-terminal,po/rw.po
Chinese Simplified,176,Igishinwa cyoroheje,177,gnome-terminal,po/rw.po
Georgian,180,Ikinyageworugiya,181,gnome-terminal,po/rw.po
Croatian,189,Nyakorowatiya,190,gnome-terminal,po/rw.po
Hindi,197,Igihindi,198,gnome-terminal,po/rw.po
Persian,201,Ikinyaperisi,202,gnome-terminal,po/rw.po
Gurmukhi,214,Gurumuki,215,gnome-terminal,po/rw.po
Icelandic,219,Nya-isilande,220,gnome-terminal,po/rw.po
Vietnamese,223,Ikinyaviyetinamu,224,gnome-terminal,po/rw.po
Thai,231,Tayi,232,gnome-terminal,po/rw.po
User Defined,236,Mukoresha yagenywe,237,gnome-terminal,po/rw.po
Colors,382,Amabara,383,gnome-terminal,po/rw.po
Compatibility,386,Bihuye neza,387,gnome-terminal,po/rw.po
Effects,419,Ingaruka,420,gnome-terminal,po/rw.po
General,441,Rusange,442,gnome-terminal,po/rw.po
Password:,578,Ijambobanga:,579,gnome-terminal,po/rw.po
Background image,828,Ishusho mbuganyuma,829,gnome-terminal,po/rw.po
Font,889,Intego-nyuguti,890,gnome-terminal,po/rw.po
roman,1902,nyaroma,1903,gnome-terminal,po/rw.po
oblique,1913,biberamye,1914,gnome-terminal,po/rw.po
New Tab,1961,Isimbuka nshya,1962,gnome-terminal,po/rw.po
New Window,1966,Irindi Dirishya,1967,gnome-terminal,po/rw.po
Close Tab,1971,Funga Isimbuka,1972,gnome-terminal,po/rw.po
Close Window,1976,Gufunga Idirishya,1977,gnome-terminal,po/rw.po
Copy,1981,Gukoporora,1982,gnome-terminal,po/rw.po
Paste,1986,Komeka,1987,gnome-terminal,po/rw.po
Full Screen,1995,Mugaragaza Yuzuye,1996,gnome-terminal,po/rw.po
Zoom In,2000,Ihindurangano wongera,2001,gnome-terminal,po/rw.po
Zoom Out,2005,Ihindurangano ugabanya,2006,gnome-terminal,po/rw.po
Reset,2018,Kugarura,2019,gnome-terminal,po/rw.po
Contents,2105,Ibigize,2106,gnome-terminal,po/rw.po
File,2110,Idosiye,2111,gnome-terminal,po/rw.po
Edit,2118,Kwandika,2119,gnome-terminal,po/rw.po
View,2134,Igaragaza,2135,gnome-terminal,po/rw.po
Go,2138,Gyayo,2139,gnome-terminal,po/rw.po
Help,2143,Ifashayobora,2144,gnome-terminal,po/rw.po
Delete Profile,3018,Vanaho Ikiranga,3019,gnome-terminal,po/rw.po
Find,3085,Gushaka,3086,gnome-terminal,po/rw.po
_Search for:,3088,_Search for: ,3089,gnome-terminal,po/rw.po
Paused,213,Mu karuhuko,214,gnome-tetravex,po/rw.po
Size:,230,Ingano,231,gnome-tetravex,po/rw.po
Time,239,Igihe,240,gnome-tetravex,po/rw.po
Never,58,Nta narimwe,59,gnome-user-share,po/rw.po
Always,75,Buri gihe,76,gnome-user-share,po/rw.po
Classic,196,Bisanzwe,197,iagno,po/rw.po
Sound,238,Ijwi,239,iagno,po/rw.po
Close Window,91,Gufunga Idirishya,92,mutter,po/rw.po
Minimize Window,100,gira idirishya rito,101,mutter,po/rw.po
Maximize Window,105,heza idirishya,106,mutter,po/rw.po
Shift,297,Gusunika,298,mutter,po/rw.po
Super,336,hejuru,337,mutter,po/rw.po
Title,400,Umutwe,401,mutter,po/rw.po
Class,404,"ishuri,urwego",405,mutter,po/rw.po
Border,2797,Imbibi,2798,mutter,po/rw.po
bottom,2906,hasi,2907,mutter,po/rw.po
left,2914,ibumoso,2915,mutter,po/rw.po
right,2922,iburyo,2923,mutter,po/rw.po
Black,41,Umukara,42,nautilus,po/rw.po
Camera,76,Kamera,77,nautilus,po/rw.po
Documents,137,Inyandiko,138,nautilus,po/rw.po
Dots,141,Utudomo,142,nautilus,po/rw.po
Favorite,179,Icyatoranijwe,180,nautilus,po/rw.po
Important,224,By'ingirakamaro,225,nautilus,po/rw.po
Mail,241,Ubutumwa,242,nautilus,po/rw.po
New,266,Gishya,267,nautilus,po/rw.po
Numbers,274,Imibare,275,nautilus,po/rw.po
OK,279,YEGO,280,nautilus,po/rw.po
Orange,299,Oranje,300,nautilus,po/rw.po
Personal,312,Bwite,313,nautilus,po/rw.po
Pictures,317,Amashusho,318,nautilus,po/rw.po
Ruby,334,Rubi,335,nautilus,po/rw.po
Silver,346,Ifeza,347,nautilus,po/rw.po
Sky,351,Ikirere,352,nautilus,po/rw.po
Sound,363,Ijwi,364,nautilus,po/rw.po
Special,367,Bidasanzwe,368,nautilus,po/rw.po
Urgent,384,Byihutirwa,385,nautilus,po/rw.po
Violet,389,Idoma ryijimye,390,nautilus,po/rw.po
White,402,Umweru,403,nautilus,po/rw.po
Type,420,Ubwoko,421,nautilus,po/rw.po
Screen,450,Mugaragaza,451,nautilus,po/rw.po
Disabled,459,Yahagaritswe,460,nautilus,po/rw.po
Name,467,Izina,468,nautilus,po/rw.po
Attribute,476,Ikiranga,477,nautilus,po/rw.po
Label,487,Akarango,488,nautilus,po/rw.po
Description,501,Isobanuramiterere,502,nautilus,po/rw.po
Icon,545,Agashushondanga,546,nautilus,po/rw.po
Priority,564,Icyihutirwa,565,nautilus,po/rw.po
Page,584,Ipaji,585,nautilus,po/rw.po
Size,1381,Ingano,1382,nautilus,po/rw.po
Group,1428,Itsinda,1429,nautilus,po/rw.po
Permissions,1438,Uruhushya,1439,nautilus,po/rw.po
MIME Type,1456,Ubwoko bwa MIME,1457,nautilus,po/rw.po
Cancel,1516,Kureka,1517,nautilus,po/rw.po
From:,1602,Birava,1603,nautilus,po/rw.po
To:,1609,Kuri:,1610,nautilus,po/rw.po
Linking,2090,Impuza,2091,nautilus,po/rw.po
Deleting files,2252,Kuvanaho amadosiye,2253,nautilus,po/rw.po
Network,2311,urusobe,2312,nautilus,po/rw.po
Fonts,2319,Imyandikire,2320,nautilus,po/rw.po
Themes,2324,Insanganyamatsiko,2325,nautilus,po/rw.po
unknown,2570,ntibizwi,2571,nautilus,po/rw.po
Icon View,2763,Igaragaza ry'Agashushondanga,2764,nautilus,po/rw.po
Switch,3005,Hindura,3006,nautilus,po/rw.po
Edit,3207,Kwandika,3208,nautilus,po/rw.po
Background,3297,Mbuganyuma,3298,nautilus,po/rw.po
Desktop,3355,Ibiro,3356,nautilus,po/rw.po
Comment,4210,Icyo wongeraho,4211,nautilus,po/rw.po
Link,4219,Ihuza,4220,nautilus,po/rw.po
Command,4224,Icyo wifuza,4225,nautilus,po/rw.po
Icons,4539,Udushushondanga,4540,nautilus,po/rw.po
List,4576,Urutonde,4577,nautilus,po/rw.po
Properties,4641,indangakintu,4642,nautilus,po/rw.po
Contents:,4694,Ibikubiyemo:,4695,nautilus,po/rw.po
Basic,4698,By'ibanze,4699,nautilus,po/rw.po
Type:,4718,Ubwoko,4719,nautilus,po/rw.po
Size:,4744,Ingano,4745,nautilus,po/rw.po
Location:,4749,Intaho:,4750,nautilus,po/rw.po
Modified:,4775,Byahinduwe,4776,nautilus,po/rw.po
Group:,4867,Itsinda:,4868,nautilus,po/rw.po
(Empty),4930,(Kirimo ubusa),4931,nautilus,po/rw.po
Loading...,4934,Itangira...,4935,nautilus,po/rw.po
Open,4948,Gufungura,4949,nautilus,po/rw.po
Rename,5316,Guhindura izina,5317,nautilus,po/rw.po
None,5384,Nta na kimwe,5385,nautilus,po/rw.po
Always,5485,Buri gihe,5486,nautilus,po/rw.po
Behavior,5500,imyitwarire,5501,nautilus,po/rw.po
Display,5529,Kugaragaza,5530,nautilus,po/rw.po
Never,5560,Nta narimwe,5561,nautilus,po/rw.po
Preview,5564,Igaragazambere,5565,nautilus,po/rw.po
none,5690,ntacyo,5691,nautilus,po/rw.po
size,5709,ingano,5710,nautilus,po/rw.po
History,5729,Urutonde,5730,nautilus,po/rw.po
Image,5807,Ishusho,5808,nautilus,po/rw.po
Information,5811,Ibisobanuro,5812,nautilus,po/rw.po
Remove,5995,Gukuraho,5996,nautilus,po/rw.po
Notes,6154,Ibisobanuro,6155,nautilus,po/rw.po
Content View,6478,Igaragaza ry'ibikubiyemo,6479,nautilus,po/rw.po
Application,6872,Porogaramu,6873,nautilus,po/rw.po
Zoom In,6882,Ihindurangano wongera,6883,nautilus,po/rw.po
Zoom Out,6887,Ihindurangano ugabanya,6888,nautilus,po/rw.po
Zoom,6901,Ihindurangano,6902,nautilus,po/rw.po
Text,6962,Umwandiko,6963,nautilus,po/rw.po
Select All,7015,Guhitamo Byose,7016,nautilus,po/rw.po
Default,7071,Mburabuzi,7072,nautilus,po/rw.po
Unknown,7087,Kitazwi,7088,nautilus,po/rw.po
percent,187,ku ijana,188,orca,po/rw.po
and,197,na,198,orca,po/rw.po
invalid,1168,Sibyo,1169,orca,po/rw.po
frame,1365,ikadiri,1366,orca,po/rw.po
unknown,2185,ntibizwi,2186,orca,po/rw.po
Move left,143,Kwimura ibumoso,144,quadrapassel,po/rw.po
Move right,153,Kwimura Iburyo,154,quadrapassel,po/rw.po
Move down,163,Kwimura Hasi,164,quadrapassel,po/rw.po
Rotate,181,Kuzengurutsa,182,quadrapassel,po/rw.po
Pause,191,akaruhuko,192,quadrapassel,po/rw.po
Paused,246,Mu karuhuko,247,quadrapassel,po/rw.po
Preferences,328,Ibyahisemo,329,quadrapassel,po/rw.po
Controls,383,Amagenzura,384,quadrapassel,po/rw.po
Preferences,80,Ibyahisemo,81,swell-foop,po/rw.po
Setup,95,Imikorere,96,swell-foop,po/rw.po
Appearance,104,Imigaragarire,105,swell-foop,po/rw.po
Size:,190,Ingano,191,swell-foop,po/rw.po
Small,251,Gitoya,252,swell-foop,po/rw.po
Large,261,Binini,262,swell-foop,po/rw.po
Colors,271,Amabara,272,swell-foop,po/rw.po
Congratulations!,248,Nibyiza!,249,tali,po/rw.po
Roll,288,Kuzinga,289,tali,po/rw.po
Preferences,335,Ibyahisemo,336,tali,po/rw.po
Grand Total,466,Igiteranyo Gikuru,467,tali,po/rw.po
Dimensions:,189,Ingano:,190,totem,po/rw.po
Properties,217,indangakintu,218,totem,po/rw.po
Title:,222,Umutwe:,223,totem,po/rw.po
Unknown,238,Kitazwi,239,totem,po/rw.po
seconds,287,amasogonda,288,totem,po/rw.po
Auto,397,mwi-/nyamwi-,398,totem,po/rw.po
Display,422,Kugaragaza,423,totem,po/rw.po
General,440,Rusange,441,totem,po/rw.po
Languages,475,Indimi,476,totem,po/rw.po
Next,483,Ikurikira,484,totem,po/rw.po
Previous,509,Ibanjirije,510,totem,po/rw.po
Square,631,kare,632,totem,po/rw.po
Time:,664,Igihe:,665,totem,po/rw.po
Zoom In,693,Ihindurangano wongera,694,totem,po/rw.po
Zoom Out,698,Ihindurangano ugabanya,699,totem,po/rw.po
Zoom in,707,Gutubya,708,totem,po/rw.po
Zoom out,712,Gutubura,713,totem,po/rw.po
Save File,1036,Bika idosiye,1037,totem,po/rw.po
None,1115,Nta na kimwe,1116,totem,po/rw.po
Play,1134,Gukina,1135,totem,po/rw.po
Pause,1139,akaruhuko,1140,totem,po/rw.po
Quit,1167,Kuvamo,1168,totem,po/rw.po
Replace,1176,Gusimbura,1177,totem,po/rw.po
Filename,1211,Izina ry'idosiye,1212,totem,po/rw.po
Stopped,1312,Kyahagariswe,1313,totem,po/rw.po
Paused,1355,Mu karuhuko,1356,totem,po/rw.po
Select files,1419,Guhitamo idosiye,1420,totem,po/rw.po
Address,117,Aderesi,118,vino,po/rw.po
Screen,147,Mugaragaza,148,vino,po/rw.po
Applications,28,Porogaramu,29,yelp,po/rw.po
Accessibility,125,Ubushobozi bwo gukoreshwa,126,yelp,po/rw.po
Administration,134,ubuyobozi,135,yelp,po/rw.po
Desktop,139,Ibiro,140,yelp,po/rw.po
Graphics,147,Ibishushanyo,148,yelp,po/rw.po
Internet,156,Interineti,157,yelp,po/rw.po
Office,169,Ofise,170,yelp,po/rw.po
Other,174,Ikindi,175,yelp,po/rw.po
Preferences,188,Ibyahisemo,189,yelp,po/rw.po
Scientific,197,Cya gihanga,198,yelp,po/rw.po
Add Bookmark,230,ongeraho icyatoranyijwe,231,yelp,po/rw.po
Bookmarks,235,Ibirango,236,yelp,po/rw.po
Find,246,Gushaka,247,yelp,po/rw.po
Rename Bookmark,361,Guhindura Izina ry'Ikirango,362,yelp,po/rw.po
Help,451,Ifashayobora,452,yelp,po/rw.po
Document Information,463,Amakuru ku nyandiko,464,yelp,po/rw.po
Out of memory,536,Ububiko bwarenzwe,537,yelp,po/rw.po
Help Contents,540,Ibifasha,541,yelp,po/rw.po
Find:,749,Shaka:,750,yelp,po/rw.po
Loading...,788,Itangira...,789,yelp,po/rw.po
